<?xml version="1.0" encoding="utf-8"?>
<COLLADA xmlns="http://www.collada.org/2005/11/COLLADASchema" version="1.4.1" xmlns:xsi="http://www.w3.org/2001/XMLSchema-instance">
  <asset>
    <contributor>
      <author>Blender User</author>
      <authoring_tool>Blender 4.5.3 LTS commit date:2025-09-08, commit time:12:46, hash:67807e1800cc</authoring_tool>
    </contributor>
    <created>2025-10-29T10:42:50</created>
    <modified>2025-10-29T10:42:50</modified>
    <unit name="meter" meter="1"/>
    <up_axis>Z_UP</up_axis>
  </asset>
  <library_effects>
    <effect id="Material_001-effect">
      <profile_COMMON>
        <newparam sid="gen0-surface">
          <surface type="2D">
            <init_from>gen0</init_from>
          </surface>
        </newparam>
        <newparam sid="gen0-sampler">
          <sampler2D>
            <source>gen0-surface</source>
          </sampler2D>
        </newparam>
        <technique sid="common">
          <lambert>
            <emission>
              <color sid="emission">0 0 0 1</color>
            </emission>
            <diffuse>
              <texture texture="gen0-sampler" texcoord="Roof_low-mesh-map-0"/>
            </diffuse>
            <index_of_refraction>
              <float sid="ior">1.45</float>
            </index_of_refraction>
          </lambert>
        </technique>
      </profile_COMMON>
    </effect>
  </library_effects>
  <library_images>
    <image id="gen0" name="gen0">
      <init_from>gen0.png</init_from>
    </image>
  </library_images>
  <library_materials>
    <material id="Material_001-material" name="Material.001">
      <instance_effect url="#Material_001-effect"/>
    </material>
  </library_materials>
  <library_geometries>
    <geometry id="Roof_low_002-mesh" name="Roof_low.002">
      <mesh>
        <source id="Roof_low_002-mesh-positions">
          <float_array id="Roof_low_002-mesh-positions-array" count="2142">0.868925 1.234509 -0.122449 0.868925 1.221182 -0.109122 0.868925 1.203768 -0.101909 0.868925 1.18492 -0.101909 0.868925 1.167507 -0.109122 0.868925 1.154179 -0.122449 0.868925 1.146967 -0.139863 0.868925 1.146967 -0.158711 0.868925 1.154179 -0.176124 0.868925 1.167507 -0.1894519 0.868925 1.18492 -0.196665 0.868925 1.203768 -0.196665 0.868925 1.221182 -0.1894519 0.868925 1.234509 -0.176124 0.868925 1.241722 -0.158711 0.868682 1.242381 -0.139732 0.868682 1.235068 -0.122076 0.868682 1.221555 -0.108563 0.868682 1.2039 -0.10125 0.868682 1.184789 -0.10125 0.868682 1.167134 -0.108563 0.868682 1.153621 -0.122076 0.868682 1.146308 -0.139732 0.868682 1.146308 -0.158842 0.868682 1.153621 -0.176497 0.868682 1.167134 -0.19001 0.868682 1.184789 -0.197323 0.868682 1.2039 -0.197323 0.868682 1.221555 -0.19001 0.868682 1.235068 -0.176497 0.868682 1.242381 -0.158842 0.868925 1.241722 -0.139863 0.866386 1.242441 -0.13972 0.866386 1.235119 -0.122042 0.866386 1.221589 -0.108512 0.866386 1.203912 -0.10119 0.866386 1.184777 -0.10119 0.866386 1.1671 -0.108512 0.866386 1.15357 -0.122042 0.866386 1.146247 -0.13972 0.866386 1.146247 -0.158854 0.866386 1.15357 -0.176532 0.866386 1.1671 -0.190062 0.866386 1.184777 -0.1973839 0.866386 1.203912 -0.1973839 0.866386 1.221589 -0.190062 0.866386 1.235119 -0.176532 0.866386 1.242441 -0.158854 0.864249 1.223759 -0.143436 0.864249 1.219281 -0.132625 0.864249 1.211007 -0.12435 0.864249 1.200195 -0.119872 0.864249 1.188493 -0.119872 0.864249 1.177682 -0.12435 0.864249 1.169408 -0.132625 0.864249 1.16493 -0.143436 0.864249 1.16493 -0.155138 0.864249 1.169408 -0.165949 0.864249 1.177682 -0.174224 0.864249 1.188493 -0.1787019 0.864249 1.200195 -0.1787019 0.864249 1.211007 -0.174224 0.864249 1.219281 -0.165949 0.864249 1.223759 -0.155138 0.869255 1.238902 -0.140424 0.869255 1.232119 -0.124047 0.869255 1.219584 -0.111513 0.869255 1.203207 -0.1047289 0.869255 1.185481 -0.1047289 0.869255 1.169104 -0.111513 0.869255 1.15657 -0.124047 0.869255 1.149787 -0.140424 0.869255 1.149786 -0.15815 0.869255 1.15657 -0.174527 0.869255 1.169104 -0.187061 0.869255 1.185481 -0.193845 0.869255 1.203207 -0.193845 0.869255 1.219584 -0.187061 0.869255 1.232119 -0.174527 0.869255 1.238902 -0.15815 0.870045 1.224968 -0.143195 0.870045 1.220306 -0.13194 0.870045 1.211691 -0.123325 0.870045 1.200436 -0.118663 0.870045 1.188253 -0.118663 0.870045 1.176997 -0.123325 0.870045 1.168383 -0.13194 0.870045 1.163721 -0.143195 0.870045 1.163721 -0.155378 0.870045 1.168383 -0.166634 0.870045 1.176997 -0.175248 0.870045 1.188253 -0.179911 0.870045 1.200436 -0.179911 0.870045 1.211691 -0.175248 0.870045 1.220306 -0.166634 0.870045 1.224968 -0.155378 0.868682 1.243331 -0.149287 0.868682 1.239602 -0.13054 0.868682 1.228983 -0.114648 0.868682 1.213091 -0.1040289 0.868682 1.194344 -0.1003 0.868682 1.175598 -0.1040289 0.868682 1.159706 -0.114648 0.868682 1.149086 -0.13054 0.868682 1.145358 -0.149287 0.868682 1.149086 -0.168033 0.868682 1.159706 -0.183926 0.868682 1.175598 -0.194545 0.868682 1.194344 -0.198274 0.868682 1.213091 -0.194545 0.868682 1.228983 -0.183926 0.868682 1.239602 -0.168033 0.869896 1.224021 -0.143384 0.869073 1.223776 -0.143433 0.869896 1.219503 -0.132476 0.869073 1.219295 -0.132615 0.869896 1.211155 -0.124128 0.869073 1.211016 -0.124336 0.869896 1.200247 -0.11961 0.869073 1.200199 -0.1198559 0.869896 1.188441 -0.11961 0.869073 1.18849 -0.1198559 0.869896 1.177534 -0.124128 0.869073 1.177673 -0.124336 0.869896 1.169186 -0.132476 0.869073 1.169394 -0.132615 0.869896 1.164668 -0.143384 0.869073 1.164913 -0.143433 0.869896 1.164668 -0.1551899 0.869073 1.164913 -0.1551409 0.869896 1.169186 -0.166097 0.869073 1.169394 -0.165958 0.869896 1.177534 -0.174445 0.869073 1.177673 -0.174237 0.869896 1.188441 -0.178963 0.869073 1.18849 -0.178718 0.869896 1.200247 -0.178963 0.869073 1.200199 -0.178718 0.869896 1.211155 -0.174445 0.869073 1.211016 -0.174237 0.869896 1.219503 -0.166097 0.869073 1.219295 -0.165958 0.869896 1.224021 -0.1551899 0.869073 1.223776 -0.1551409 0.868925 1.238982 -0.130797 0.868925 1.242659 -0.149287 0.868925 1.238982 -0.167776 0.868925 1.228508 -0.115123 0.868925 1.212834 -0.10465 0.868925 1.194344 -0.1009719 0.868925 1.175855 -0.10465 0.868925 1.16018 -0.115123 0.868925 1.149707 -0.130797 0.868925 1.146029 -0.149287 0.868925 1.149707 -0.167776 0.868925 1.16018 -0.1834509 0.868925 1.175855 -0.193924 0.868925 1.194344 -0.197602 0.868925 1.212834 -0.193924 0.868925 1.228508 -0.1834509 0.866386 1.243393 -0.149287 0.866386 1.239659 -0.130517 0.866386 1.229027 -0.1146039 0.866386 1.213115 -0.103972 0.866386 1.194344 -0.100238 0.866386 1.175574 -0.103972 0.866386 1.159662 -0.1146039 0.866386 1.149029 -0.130517 0.866386 1.145296 -0.149287 0.866386 1.149029 -0.168057 0.866386 1.159662 -0.183969 0.866386 1.175574 -0.194602 0.866386 1.194344 -0.198335 0.866386 1.213115 -0.194602 0.866386 1.229027 -0.183969 0.866386 1.239659 -0.168057 0.864249 1.224341 -0.149287 0.864249 1.222058 -0.137808 0.864249 1.215555 -0.128076 0.864249 1.205824 -0.121573 0.864249 1.194344 -0.1192899 0.864249 1.182865 -0.121573 0.864249 1.173133 -0.128076 0.864249 1.166631 -0.137808 0.864249 1.164348 -0.149287 0.864249 1.166631 -0.160766 0.864249 1.173133 -0.170498 0.864249 1.182865 -0.177 0.864249 1.194344 -0.179284 0.864249 1.205824 -0.177 0.864249 1.215555 -0.170498 0.864249 1.222058 -0.160766 0.870045 1.225574 -0.149287 0.870045 1.223197 -0.137336 0.870045 1.216427 -0.127204 0.870045 1.206295 -0.120434 0.870045 1.194344 -0.118057 0.870045 1.182393 -0.120434 0.870045 1.172262 -0.127204 0.870045 1.165492 -0.137336 0.870045 1.163115 -0.149287 0.870045 1.165492 -0.161238 0.870045 1.172262 -0.17137 0.870045 1.182393 -0.178139 0.870045 1.194344 -0.180517 0.870045 1.206295 -0.178139 0.870045 1.216427 -0.17137 0.870045 1.223197 -0.161238 0.869255 1.239784 -0.149287 0.869255 1.236325 -0.131898 0.869255 1.226475 -0.117156 0.869255 1.211733 -0.107306 0.869255 1.194344 -0.103847 0.869255 1.176955 -0.107306 0.869255 1.162214 -0.117156 0.869255 1.152364 -0.131898 0.869255 1.148905 -0.149287 0.869255 1.152364 -0.166676 0.869255 1.162214 -0.181417 0.869255 1.176955 -0.191267 0.869255 1.194344 -0.194726 0.869255 1.211733 -0.191267 0.869255 1.226475 -0.181417 0.869255 1.236325 -0.166676 0.869073 1.224358 -0.149287 0.869896 1.224608 -0.149287 0.869896 1.222304 -0.137705 0.869073 1.222073 -0.137801 0.869896 1.215744 -0.127887 0.869073 1.215567 -0.128064 0.869896 1.205926 -0.121327 0.869073 1.20583 -0.121558 0.869896 1.194344 -0.119023 0.869073 1.194344 -0.119274 0.869896 1.182763 -0.121327 0.869073 1.182859 -0.121558 0.869896 1.172945 -0.127887 0.869073 1.173122 -0.128064 0.869896 1.166384 -0.137705 0.869073 1.166616 -0.137801 0.869896 1.164081 -0.149287 0.869073 1.164331 -0.149287 0.869896 1.166384 -0.160868 0.869073 1.166616 -0.160772 0.869896 1.172945 -0.170687 0.869073 1.173122 -0.170509 0.869896 1.182763 -0.177247 0.869073 1.182859 -0.177016 0.869896 1.194344 -0.179551 0.869073 1.194344 -0.1793 0.869896 1.205926 -0.177247 0.869073 1.20583 -0.177016 0.869896 1.215744 -0.170687 0.869073 1.215567 -0.170509 0.869896 1.222304 -0.160868 0.869073 1.222073 -0.160772 0.868925 1.363106 -0.122449 0.868925 1.349779 -0.109122 0.868925 1.332366 -0.101909 0.868925 1.313518 -0.101909 0.868925 1.296104 -0.109122 0.868925 1.282777 -0.122449 0.868925 1.275564 -0.139863 0.868925 1.275564 -0.158711 0.868925 1.282777 -0.176124 0.868925 1.296104 -0.1894519 0.868925 1.313517 -0.196665 0.868925 1.332366 -0.196665 0.868925 1.349779 -0.1894519 0.868925 1.363106 -0.176124 0.868925 1.370319 -0.158711 0.868682 1.370978 -0.139732 0.868682 1.363665 -0.122076 0.868682 1.350152 -0.108563 0.868682 1.332497 -0.10125 0.868682 1.313386 -0.10125 0.868682 1.295731 -0.108563 0.868682 1.282218 -0.122076 0.868682 1.274905 -0.139732 0.868682 1.274905 -0.158842 0.868682 1.282218 -0.176497 0.868682 1.295731 -0.19001 0.868682 1.313386 -0.197323 0.868682 1.332497 -0.197323 0.868682 1.350152 -0.19001 0.868682 1.363665 -0.176497 0.868682 1.370978 -0.158842 0.868925 1.370319 -0.139863 0.866386 1.371039 -0.13972 0.866386 1.363716 -0.122042 0.866386 1.350186 -0.108512 0.866386 1.332509 -0.10119 0.866386 1.313374 -0.10119 0.866386 1.295697 -0.108512 0.866386 1.282167 -0.122042 0.866386 1.274845 -0.13972 0.866386 1.274845 -0.158854 0.866386 1.282167 -0.176532 0.866386 1.295697 -0.190062 0.866386 1.313374 -0.1973839 0.866386 1.332509 -0.1973839 0.866386 1.350186 -0.190062 0.866386 1.363716 -0.176532 0.866386 1.371039 -0.158854 0.864249 1.352356 -0.143436 0.864249 1.347878 -0.132625 0.864249 1.339604 -0.12435 0.864249 1.328793 -0.119872 0.864249 1.317091 -0.119872 0.864249 1.306279 -0.12435 0.864249 1.298005 -0.132625 0.864249 1.293527 -0.143436 0.864249 1.293527 -0.155138 0.864249 1.298005 -0.165949 0.864249 1.306279 -0.174224 0.864249 1.317091 -0.1787019 0.864249 1.328793 -0.1787019 0.864249 1.339604 -0.174224 0.864249 1.347878 -0.165949 0.864249 1.352356 -0.155138 0.869255 1.367499 -0.140424 0.869255 1.360716 -0.124047 0.869255 1.348182 -0.111513 0.869255 1.331805 -0.1047289 0.869255 1.314078 -0.1047289 0.869255 1.297702 -0.111513 0.869255 1.285167 -0.124047 0.869255 1.278384 -0.140424 0.869255 1.278384 -0.15815 0.869255 1.285167 -0.174527 0.869255 1.297701 -0.187061 0.869255 1.314078 -0.193845 0.869255 1.331805 -0.193845 0.869255 1.348182 -0.187061 0.869255 1.360716 -0.174527 0.869255 1.367499 -0.15815 0.870045 1.353565 -0.143195 0.870045 1.348903 -0.13194 0.870045 1.340289 -0.123325 0.870045 1.329033 -0.118663 0.870045 1.31685 -0.118663 0.870045 1.305595 -0.123325 0.870045 1.29698 -0.13194 0.870045 1.292318 -0.143195 0.870045 1.292318 -0.155378 0.870045 1.29698 -0.166634 0.870045 1.305595 -0.175248 0.870045 1.31685 -0.179911 0.870045 1.329033 -0.179911 0.870045 1.340289 -0.175248 0.870045 1.348903 -0.166634 0.870045 1.353565 -0.155378 0.868682 1.371928 -0.149287 0.868682 1.368199 -0.13054 0.868682 1.35758 -0.114648 0.868682 1.341688 -0.1040289 0.868682 1.322942 -0.1003 0.868682 1.304195 -0.1040289 0.868682 1.288303 -0.114648 0.868682 1.277684 -0.13054 0.868682 1.273955 -0.149287 0.868682 1.277684 -0.168033 0.868682 1.288303 -0.183926 0.868682 1.304195 -0.194545 0.868682 1.322942 -0.198274 0.868682 1.341688 -0.194545 0.868682 1.35758 -0.183926 0.868682 1.368199 -0.168033 0.869896 1.352618 -0.143384 0.869073 1.352373 -0.143433 0.869896 1.3481 -0.132476 0.869073 1.347892 -0.132615 0.869896 1.339752 -0.124128 0.869073 1.339613 -0.124336 0.869896 1.328845 -0.11961 0.869073 1.328796 -0.1198559 0.869896 1.317039 -0.11961 0.869073 1.317087 -0.1198559 0.869896 1.306131 -0.124128 0.869073 1.30627 -0.124336 0.869896 1.297783 -0.132476 0.869073 1.297991 -0.132615 0.869896 1.293265 -0.143384 0.869073 1.29351 -0.143433 0.869896 1.293265 -0.1551899 0.869073 1.29351 -0.1551409 0.869896 1.297783 -0.166097 0.869073 1.297991 -0.165958 0.869896 1.306131 -0.174445 0.869073 1.30627 -0.174237 0.869896 1.317039 -0.178963 0.869073 1.317087 -0.178718 0.869896 1.328845 -0.178963 0.869073 1.328796 -0.178718 0.869896 1.339752 -0.174445 0.869073 1.339613 -0.174237 0.869896 1.3481 -0.166097 0.869073 1.347892 -0.165958 0.869896 1.352618 -0.1551899 0.869073 1.352373 -0.1551409 0.868925 1.367579 -0.130797 0.868925 1.371257 -0.149287 0.868925 1.367579 -0.167776 0.868925 1.357105 -0.115123 0.868925 1.341431 -0.10465 0.868925 1.322942 -0.1009719 0.868925 1.304452 -0.10465 0.868925 1.288778 -0.115123 0.868925 1.278304 -0.130797 0.868925 1.274626 -0.149287 0.868925 1.278304 -0.167776 0.868925 1.288778 -0.1834509 0.868925 1.304452 -0.193924 0.868925 1.322942 -0.197602 0.868925 1.341431 -0.193924 0.868925 1.357105 -0.1834509 0.866386 1.37199 -0.149287 0.866386 1.368256 -0.130517 0.866386 1.357624 -0.1146039 0.866386 1.341712 -0.103972 0.866386 1.322942 -0.100238 0.866386 1.304171 -0.103972 0.866386 1.288259 -0.1146039 0.866386 1.277627 -0.130517 0.866386 1.273893 -0.149287 0.866386 1.277627 -0.168057 0.866386 1.288259 -0.183969 0.866386 1.304171 -0.194602 0.866386 1.322942 -0.198335 0.866386 1.341712 -0.194602 0.866386 1.357624 -0.183969 0.866386 1.368256 -0.168057 0.864249 1.352938 -0.149287 0.864249 1.350655 -0.137808 0.864249 1.344152 -0.128076 0.864249 1.334421 -0.121573 0.864249 1.322942 -0.1192899 0.864249 1.311462 -0.121573 0.864249 1.301731 -0.128076 0.864249 1.295228 -0.137808 0.864249 1.292945 -0.149287 0.864249 1.295228 -0.160766 0.864249 1.301731 -0.170498 0.864249 1.311462 -0.177 0.864249 1.322942 -0.179284 0.864249 1.334421 -0.177 0.864249 1.344152 -0.170498 0.864249 1.350655 -0.160766 0.870045 1.354171 -0.149287 0.870045 1.351794 -0.137336 0.870045 1.345024 -0.127204 0.870045 1.334893 -0.120434 0.870045 1.322942 -0.118057 0.870045 1.31099 -0.120434 0.870045 1.300859 -0.127204 0.870045 1.294089 -0.137336 0.870045 1.291712 -0.149287 0.870045 1.294089 -0.161238 0.870045 1.300859 -0.17137 0.870045 1.31099 -0.178139 0.870045 1.322942 -0.180517 0.870045 1.334893 -0.178139 0.870045 1.345024 -0.17137 0.870045 1.351794 -0.161238 0.869255 1.368381 -0.149287 0.869255 1.364922 -0.131898 0.869255 1.355072 -0.117156 0.869255 1.34033 -0.107306 0.869255 1.322942 -0.103847 0.869255 1.305553 -0.107306 0.869255 1.290811 -0.117156 0.869255 1.280961 -0.131898 0.869255 1.277502 -0.149287 0.869255 1.280961 -0.166676 0.869255 1.290811 -0.181417 0.869255 1.305553 -0.191267 0.869255 1.322942 -0.194726 0.869255 1.34033 -0.191267 0.869255 1.355072 -0.181417 0.869255 1.364922 -0.166676 0.869073 1.352955 -0.149287 0.869896 1.353205 -0.149287 0.869896 1.350902 -0.137705 0.869073 1.35067 -0.137801 0.869896 1.344341 -0.127887 0.869073 1.344164 -0.128064 0.869896 1.334523 -0.121327 0.869073 1.334427 -0.121558 0.869896 1.322942 -0.119023 0.869073 1.322942 -0.119274 0.869896 1.31136 -0.121327 0.869073 1.311456 -0.121558 0.869896 1.301542 -0.127887 0.869073 1.301719 -0.128064 0.869896 1.294981 -0.137705 0.869073 1.295213 -0.137801 0.869896 1.292678 -0.149287 0.869073 1.292928 -0.149287 0.869896 1.294981 -0.160868 0.869073 1.295213 -0.160772 0.869896 1.301542 -0.170687 0.869073 1.301719 -0.170509 0.869896 1.31136 -0.177247 0.869073 1.311456 -0.177016 0.869896 1.322942 -0.179551 0.869073 1.322942 -0.1793 0.869896 1.334523 -0.177247 0.869073 1.334427 -0.177016 0.869896 1.344341 -0.170687 0.869073 1.344164 -0.170509 0.869896 1.350902 -0.160868 0.869073 1.35067 -0.160772 0.837489 2.296135 -0.615647 0.837489 2.296135 -0.06771898 0.886757 0.469178 -0.626945 0.886757 0.469178 -0.06635296 0.89414 0.41025 -0.659863 0.894014 0.414998 -0.667516 0.843048 2.314142 -0.628838 0.892849 0.455309 -0.644128 0.843072 2.314142 -0.347537 0.842823 2.344811 -0.661581 0.843152 2.310232 -0.633414 0.84293 2.340751 -0.666403 0.842824 2.344848 -0.363872 0.867992 1.383098 -0.638769 0.868463 1.378215 -0.666959 0.894124 0.40991 -0.361695 0.892977 0.450747 -0.636798 0.893172 0.450875 -0.350292 0.893528 0.451001 -0.06560999 0.824956 2.362816 -0.679442 0.837489 2.296135 -0.611236 0.837593 2.292302 -0.61567 0.825065 2.35868 -0.684407 0.886757 0.469178 -0.619808 0.844417 2.321638 -0.636498 0.844522 2.317693 -0.641131 0.842825 2.344886 -0.06704998 0.843262 2.314142 -0.06696599 0.840625 2.341085 -0.002808988 0.84134 2.317991 -0.002239882 0.844252 2.314142 -0.05313599 0.843992 2.314142 -0.01173496 0.842496 2.344924 -0.01240098 0.842825 2.344896 -0.05351793 0.894606 0.409613 -0.05530798 0.894159 0.450816 -0.0188679 0.894299 0.409808 -0.01930296 0.894513 0.450982 -0.05202692 0.894179 0.409579 -0.066051 0.891194 0.445137 -0.005456984 0.891891 0.415492 -0.005355 0.824956 2.362854 -0.372784 0.837489 2.296135 -0.338759 0.844448 2.321643 -0.351357 0.843054 2.314142 -0.556236 0.842823 2.344821 -0.584745 0.862106 1.3833 -0.621292 0.850921 1.378097 -0.684593 0.869515 1.382154 -0.645338 0.849415 2.076494 -0.634764 0.849367 2.098088 -0.666543 0.843091 2.314142 -0.139592 0.842825 2.344876 -0.1437979 0.865641 1.382738 -0.013978 0.886636 0.473655 -0.626917 0.876795 0.39682 -0.68478 0.894526 0.445953 -0.649549 0.886574 0.689539 -0.642775 0.887564 0.658173 -0.667375 0.886757 0.469178 -0.341849 0.876921 0.391984 -0.676905 0.894662 0.441355 -0.642144 0.894135 0.410161 -0.581493 0.893028 0.45078 -0.561494 0.876891 0.391716 -0.370163 0.895186 0.441714 -0.352936 0.894112 0.409662 -0.1431829 0.893314 0.45097 -0.140327 0.850175 1.382738 7.75e-4 0.862121 1.382738 -0.06703597 0.867134 1.382738 -0.04742991 0.82503 2.354605 -3.06e-4 0.825494 2.303613 0.001462996 0.824956 2.362894 -0.06664198 0.837513 2.29526 -0.06808996 0.876604 0.401166 -0.001359999 0.875043 0.460357 -9.6e-5 0.886733 0.470073 -0.06693798 0.876861 0.391451 -0.06536298 0.844521 2.321648 -0.06711095 0.842378 2.322611 -0.00327599 0.892514 0.439576 -0.006970942 0.842656 2.296596 -0.04761499 0.841323 2.296596 -0.008397996 0.890517 0.468738 -0.01978695 0.891842 0.468738 -0.04797995 0.824956 2.362909 -0.05067396 0.824956 2.362944 -0.01003992 0.876861 0.39145 -0.01530498 0.876861 0.39145 -0.05074691 0.8955 0.441848 -0.018561 0.844473 2.321652 -0.012676 0.844768 2.321649 -0.05407798 0.895992 0.442048 -0.05441397 0.895745 0.442067 -0.06600999 0.824956 2.362826 -0.600296 0.837489 2.296135 -0.540911 0.844425 2.321639 -0.562905 0.843773 2.063134 -0.617087 0.831584 2.111466 -0.684454 0.850823 2.081835 -0.642192 0.824956 2.362883 -0.146095 0.837489 2.296135 -0.137338 0.844471 2.321646 -0.140574 0.831819 2.063414 0.001444995 0.843765 2.063414 -0.06754499 0.847285 2.063414 -0.009588956 0.848778 2.063414 -0.04710996 0.880443 0.703304 -0.625497 0.870263 0.644553 -0.684733 0.888212 0.682307 -0.648486 0.886757 0.469178 -0.54675 0.876914 0.391914 -0.596282 0.8948 0.44145 -0.566129 0.876868 0.391519 -0.14537 0.89557 0.441977 -0.140991 0.886757 0.469178 -0.138148 0.868532 0.702043 1.06e-4 0.880478 0.702043 -0.066527 0.885491 0.702043 -0.04774898 0.883997 0.702043 -0.01836699 0.842825 2.344876 -0.1437979 0.842825 2.344886 -0.06704998 0.89414 0.41025 -0.659863 0.894135 0.410161 -0.581493 0.842496 2.344924 -0.01240098 0.840625 2.341085 -0.002808988 0.840625 2.341085 -0.002808988 0.894014 0.414998 -0.667516 0.894014 0.414998 -0.667516 0.887564 0.658173 -0.667375 0.876795 0.39682 -0.68478 0.84134 2.317991 -0.002239882 0.84134 2.317991 -0.002239882 0.843992 2.314142 -0.01173496 0.894606 0.409613 -0.05530798 0.894179 0.409579 -0.066051 0.842825 2.344896 -0.05351793 0.894299 0.409808 -0.01930296 0.891194 0.445137 -0.005456984 0.891891 0.415492 -0.005355 0.891891 0.415492 -0.005355 0.842823 2.344811 -0.661581 0.842823 2.344821 -0.584745 0.84293 2.340751 -0.666403 0.84293 2.340751 -0.666403 0.849367 2.098088 -0.666543 0.825065 2.35868 -0.684407 0.842824 2.344848 -0.363872 0.868463 1.378215 -0.666959 0.894124 0.40991 -0.361695 0.894112 0.409662 -0.1431829 0.82503 2.354605 -3.06e-4 0.842378 2.322611 -0.00327599 0.825494 2.303613 0.001462996 0.841323 2.296596 -0.008397996 0.847285 2.063414 -0.009588956 0.890517 0.468738 -0.01978695 0.875043 0.460357 -9.6e-5 0.876604 0.401166 -0.001359999 0.883997 0.702043 -0.01836699 0.865641 1.382738 -0.013978 0.87014 1.043653 -0.663342 0.874895 0.861791 -0.664785 0.835374 2.356725 -0.326456 0.847989 1.716982 -0.66262 0.867688 1.137763 -0.66262 0.879807 0.676692 -0.665276 0.868342 1.113013 -0.6628 0.81156 2.344162 -0.654337 0.84737 1.043658 -0.663342 0.861929 0.486891 -0.666662 0.856876 0.676692 -0.665276 0.825216 1.716986 -0.66262 0.845076 1.137772 -0.662621 0.807974 2.314626 -0.65919 0.851965 0.861791 -0.664785 0.812442 2.356725 -0.326456 0.811018 2.154781 -0.661762 0.840069 1.283799 -0.662621 0.810137 2.332445 -0.656262 0.812306 2.351635 -0.571654 0.849625 0.952357 -0.664064 0.854385 0.770417 -0.665269 0.859402 0.581792 -0.665506 0.812358 2.358673 0 0.864263 0.415716 -0.667876 0.845691 1.11302 -0.662801 0.835289 2.358673 0 0.872513 0.952356 -0.664064 0.877316 0.770417 -0.665269 0.835238 2.351635 -0.571654 0.830906 2.314626 -0.65919 0.833069 2.332445 -0.656262 0.83391 2.154779 -0.661762 0.884861 0.486891 -0.666662 0.882334 0.581792 -0.665506 0.887388 0.391991 -0.66828 0.834491 2.344162 -0.654337 0.834491 2.344162 -0.654337 0.862721 1.283791 -0.66262 0.81156 2.344162 -0.654337</float_array>
          <technique_common>
            <accessor source="#Roof_low_002-mesh-positions-array" count="714" stride="3">
              <param name="X" type="float"/>
              <param name="Y" type="float"/>
              <param name="Z" type="float"/>
            </accessor>
          </technique_common>
        </source>
        <source id="Roof_low_002-mesh-normals">
          <float_array id="Roof_low_002-mesh-normals-array" count="2211">0.5693588 0.4567251 0.6835443 0.9718934 0.09007579 0.217508 0.9719166 0.1307347 0.1956698 0.5693314 0.683553 0.4567464 0.9718418 0.217696 0.09017765 0.5689563 0.7597648 0.3147163 0.5693352 0.1604056 0.806305 0.9718748 3.90274e-7 0.2354981 0.9719146 0.04591161 0.230812 0.9718708 0.1665304 0.1665373 0.5691888 0.5813942 0.581382 0.5692961 -0.1604038 0.8063328 0.9718919 -0.09007883 0.2175129 0.9719033 -0.04593765 0.2308548 0.5691767 0.314616 0.7596412 0.569365 -0.45672 0.6835425 0.9718282 -0.1666629 0.1666536 0.9719147 -0.1307337 0.19568 0.5691568 -3.45895e-6 0.8222291 0.5691985 -0.6836175 0.4568154 0.9718911 -0.2175065 0.0901032 0.9718638 -0.1958554 0.1308494 0.5691881 -0.3146181 0.7596319 0.5695192 -0.8061853 0.160353 0.9718355 -0.2356607 0 0.9719236 -0.2307736 0.0459156 0.5690491 -0.5814461 0.5814669 0.5694648 -0.8062269 -0.1603376 0.9718831 -0.2175408 -0.09010773 0.9719028 -0.23086 -0.04591929 0.5691025 -0.7596725 0.3146746 0.5693167 -0.6835663 -0.4567446 0.9718329 -0.1666488 -0.166641 0.9718641 -0.1958546 -0.1308481 0.5689929 -0.8223424 5.0896e-4 0.5693603 -0.4567485 -0.6835275 0.9718863 -0.09011185 -0.2175246 0.9718619 -0.1308709 -0.1958503 0.569147 -0.7596484 -0.3146523 0.5693038 -0.160398 -0.8063285 0.9718812 -1.86674e-6 -0.2354723 0.9718462 -0.04596686 -0.2310891 0.5689457 -0.5814855 -0.5815287 0.5693411 0.1604005 -0.8063017 0.9718876 0.09010887 -0.2175199 0.9718571 0.04593813 -0.2310491 0.5691785 -0.3146506 -0.7596255 0.5693515 0.4567595 -0.6835274 0.9718762 0.1665142 -0.1665227 0.9718632 0.1308739 -0.1958424 0.5690265 -3.40986e-6 -0.8223193 0.5694466 0.6835023 -0.4566783 0.9718336 0.217731 -0.09018248 0.9719086 0.1956878 -0.1307666 0.5691679 0.3146569 -0.7596309 0.5692703 0.8063538 -0.1603901 0.9718862 0.2354514 0 0.9718981 0.2308816 -0.0459122 0.5690851 0.5814329 -0.5814447 0.9719091 0.2308356 0.04591149 0.9962401 0.08004301 0.03315097 0.9962418 0.08495163 0.01689833 0.5689871 0.7597604 -0.3146712 0.003392338 -0.382646 -0.9238889 0.1500344 -0.5492824 -0.8220576 0.1500192 -0.3783143 -0.9134399 0.003551185 -0.8314763 -0.555549 0.1500808 -0.9134114 -0.3783589 0.1501279 -0.8220356 -0.5492897 0.1504704 -6.25107e-6 -0.9886146 0.003414154 -0.1950067 -0.980796 0.1502361 -0.192869 -0.9696549 0.003460824 -0.5556243 -0.8314263 0.1501953 -0.6991033 -0.699068 0.1500384 0.3783316 -0.9134297 0.003387868 0.1950783 -0.9807819 0.1503249 0.1928514 -0.9696447 0.1501315 0.6990872 -0.6990978 0.003438889 0.5556007 -0.8314422 0.1500397 0.5492967 -0.822047 0.00333482 -1.68865e-5 -0.9999945 0.1505225 0.913348 -0.3783365 0.003534674 0.8315057 -0.5555049 0.1500958 0.8220602 -0.5492616 0.003379166 0.3826541 -0.9238855 0.003194034 0.9999949 0 0.1499004 0.9697057 -0.192875 0.1499989 0.9886862 2.12416e-7 0.003413915 0.7071108 -0.7070945 0.1505005 0.9133554 0.3783274 0.003535866 0.9807689 0.1951411 0.1499248 0.9696965 0.1929026 0.003466486 0.9238691 -0.3826929 0.1504643 0.6991029 0.6990105 0.003392696 0.8314588 0.5555762 0.1500616 0.8220351 0.5493087 0.003488838 0.3827375 0.9238507 0.1500061 0.5492842 0.8220614 0.1504213 0.3783267 0.9133687 0.00337398 0.9238844 0.3826571 0.003329575 -1.74798e-5 0.9999945 0.1503248 0.1928603 0.9696429 0.1504158 -8.45409e-6 0.9886229 0.003236591 0.7071515 0.7070547 0.003458678 -0.3826923 0.9238695 0.1498084 -0.192883 0.9697183 0.1500878 -0.3783414 0.9134175 0.003431737 0.1951146 0.9807745 0.003358006 -0.7071144 0.7070912 0.150012 -0.5493128 0.8220413 0.150525 -0.6990925 0.6990078 0.003412902 -0.1950822 0.980781 0.003379285 -0.9238862 0.3826524 0.1500604 -0.8220473 0.5492906 0.1500437 -0.9134271 0.3783355 0.77235 0.6351974 7.41943e-7 0.9991039 0.04151451 -0.008254945 0.9991118 0.0421378 1.04681e-6 0.999104 -0.03520065 0.02349722 0.7727153 -0.4488157 0.4488602 0.9991109 -0.02979499 0.02983057 0.003535807 -0.9999938 6.9097e-7 0.1504803 -0.9696064 0.192923 0.1499873 -0.988688 -1.28882e-7 0.003447055 -0.8314399 0.5556042 0.003461599 -0.9238636 -0.3827063 0.149905 -0.9697018 -0.1928907 0.003517031 -0.980772 0.1951255 0.7723571 -0.6351885 7.19031e-7 0.9991041 -0.04150706 0.008261263 0.9991123 -0.04212725 3.57874e-7 0.7726967 0.5864601 -0.2429084 0.9991086 0.03899884 -0.01615697 0.7724285 -0.586745 -0.243073 0.9991047 -0.04149228 -0.008260428 0.9991126 -0.0389086 -0.01613134 0.7724291 -0.5867474 0.2430658 0.999092 -0.03936731 0.0162971 0.7725331 0.5866126 0.2430605 0.999103 0.04153567 0.008255839 0.9991111 0.03894114 0.01614832 0.7724599 -0.4490632 -0.4490525 0.9991033 -0.03520876 -0.02351802 0.9991105 -0.02980381 -0.0298314 0.7727251 0.4487957 0.4488636 0.9991043 0.03518658 0.02350604 0.9991112 0.02978575 0.02982622 0.7724074 -0.2430579 -0.5867792 0.9991036 -0.02351456 -0.03520017 0.9991111 -0.01612603 -0.03894913 0.772394 0.2430524 0.586799 0.9991049 0.02350759 0.03517049 0.9990944 0.01629173 0.03930646 0.7726787 8.31709e-6 -0.6347974 0.9991039 -0.008269727 -0.04150933 0.9991101 4.98524e-6 -0.04217892 0.7727051 4.37904e-7 0.6347652 0.9991063 0.008250176 0.0414555 0.9991101 5.21171e-7 0.04218083 0.7724078 0.2430694 -0.5867739 0.9991035 0.008266389 -0.04152053 0.9991121 0.01611799 -0.03892564 0.7723736 -0.2430596 0.5868231 0.9991068 -0.008253753 0.04144328 0.9991081 -0.01615101 0.03901618 0.7724586 0.4490603 -0.4490575 0.9991054 0.02349418 -0.03516393 0.9991104 0.02981257 -0.02982681 0.9991034 -0.0235188 0.03520721 0.9991027 0.03521722 -0.02352672 0.7719588 -0.6234529 -0.1240409 0.5691965 0.8222015 0 0.02665108 0.9804375 0.1950181 0.5693148 0.8063256 0.1603739 0.9962382 0.08665758 0 0.971909 0.1956866 0.130766 0.9962394 0.06126189 0.06127041 0.9962409 0.0720309 0.04812186 0.9962391 0.03315997 0.080051 0.9962425 0.04811859 0.07201087 0.996239 1.42533e-6 0.08664888 0.9962416 0.01689642 0.08495473 0.9962384 -0.03316521 0.08005875 0.9962417 -0.01689392 0.08495366 0.9962404 -0.06125503 0.06126189 0.9962415 -0.04812961 0.07201719 0.9962401 -0.08004325 0.03314751 0.9962419 -0.07202184 0.04811388 0.9962397 -0.08664029 1.96417e-6 0.9962415 -0.08495491 0.01689845 0.9962407 -0.08003389 -0.03315424 0.9962399 -0.08497452 -0.01690196 0.9962412 -0.06125104 -0.06125307 0.9962406 -0.07203412 -0.04812401 0.9962399 -0.03315716 -0.08004212 0.9962413 -0.04813003 -0.0720191 0.9962404 -1.08242e-6 -0.08663314 0.9962415 -0.01690441 -0.08495414 0.9962407 0.03315198 -0.08003461 0.9962415 0.01690322 -0.08495497 0.9962402 0.06125771 -0.06126141 0.9962423 0.04811894 -0.07201272 0.9962407 0.08003371 -0.03315579 0.9962396 0.07204347 -0.04813218 0.9962418 0.08495247 -0.01689833 0.02674424 0.9235609 0.382518 0.02672249 0.8311706 0.555375 0.02711659 0.7068564 0.7068372 0.02671277 0.5553883 0.8311621 0.02686572 0.3825531 0.9235428 0.0266866 0.1950176 0.9804366 0.02699655 -4.48823e-6 0.9996356 0.02667552 -0.1950203 0.9804364 0.02688789 -0.3825629 0.9235381 0.02673679 -0.5553936 0.8311577 0.02711784 -0.7068447 0.7068488 0.02672356 -0.831148 0.555409 0.02677249 -0.923557 0.3825256 0.02702796 -0.9804319 0.1949948 0.02698856 -0.9996358 0 0.02701705 -0.9804356 -0.1949774 0.02691656 -0.9235357 -0.3825669 0.02649694 -0.8312957 -0.5551984 0.02678149 -0.7068671 -0.7068392 0.0265395 -0.5553786 -0.8311742 0.02692919 -0.3825613 -0.9235376 0.02698266 -0.1950157 -0.980429 0.02656245 -3.66684e-6 -0.9996473 0.02699393 0.1950154 -0.9804287 0.02690809 0.3825647 -0.9235369 0.02701562 0.5553632 -0.831169 0.02677309 0.7068766 -0.70683 0.02692365 0.8311629 -0.5553768 0.02691495 0.9235568 -0.382516 0.02667152 0.9804324 -0.1950411 0.7720535 -0.5284375 -0.3531107 0.7720506 -0.3530917 -0.5284546 0.7721854 -0.1239346 -0.6231933 0.7722634 0.1242583 -0.6230322 0.77208 0.3530818 -0.5284183 0.7720476 0.5284499 -0.3531054 0.7719419 0.6234788 -0.1240159 0.7719315 0.6234877 0.1240362 0.7720816 0.5284128 0.3530863 0.7720459 0.3531017 0.5284547 0.7719889 0.1240043 0.6234229 0.7719501 -0.1239792 0.6234759 0.7720164 -0.3531323 0.5284774 0.7720681 -0.5284493 0.3530613 0.771942 -0.6234722 0.1240487 0.003539443 -0.7071268 -0.7070779 0.5693567 0.456726 0.6835455 0.9718936 0.09007686 0.2175062 0.9719148 0.1307385 0.1956759 0.5693305 0.6835539 0.4567462 0.971842 0.2176961 0.0901755 0.568957 0.7597636 0.3147177 0.5693021 0.1604009 0.8063291 0.9718748 2.00012e-6 0.235498 0.9719032 0.0459398 0.2308547 0.9718657 0.1665455 0.1665525 0.5691868 0.581394 0.5813843 0.5693343 -0.1604098 0.8063046 0.9718913 -0.09008139 0.2175152 0.9719159 -0.04590582 0.2308079 0.569055 0.315162 0.759506 0.569356 -0.4567323 0.6835418 0.9718649 -0.1665495 0.166553 0.9719163 -0.130735 0.1956713 0.5691567 4.03198e-6 0.8222291 0.5693313 -0.6835544 0.4567443 0.9718415 -0.2176959 0.09018123 0.9719089 -0.19569 0.1307613 0.5691788 -0.3146122 0.7596411 0.5693318 -0.8063132 0.1603763 0.9718348 -0.2356632 0 0.9719167 -0.2308016 0.045919 0.5691735 -0.581397 0.5813942 0.5692667 -0.8063575 -0.1603842 0.9718332 -0.2177309 -0.09018611 0.9718995 -0.2308738 -0.04591953 0.5689547 -0.7597647 0.3147193 0.5694482 -0.6835045 -0.4566733 0.9718695 -0.1665351 -0.1665404 0.9719085 -0.1956919 -0.1307619 0.5690206 -0.8223234 0 0.5693508 -0.4567568 -0.6835299 0.9718848 -0.09011632 -0.2175292 0.971861 -0.1308779 -0.1958503 0.5689855 -0.7597576 -0.3146807 0.5693031 -0.1603947 -0.8063297 0.9718812 3.2777e-7 -0.235472 0.9718465 -0.04596608 -0.2310881 0.5690703 -0.5814362 -0.581456 0.569309 0.1603963 -0.8063253 0.9718878 0.09011 -0.2175185 0.9718462 0.04596632 -0.2310888 0.569168 -0.3146503 -0.7596336 0.5693504 0.45676 -0.683528 0.9718703 0.1665312 -0.16654 0.9718613 0.1308776 -0.1958485 0.5690261 4.41089e-6 -0.8223195 0.5694478 0.6834989 -0.4566821 0.9718337 0.217731 -0.09018039 0.9719086 0.1956878 -0.130767 0.5691693 0.3146575 -0.7596296 0.5694546 0.8062258 -0.1603799 0.9718346 0.2356644 0 0.9718992 0.2308747 -0.04592353 0.5690813 0.5814334 -0.581448 0.9719101 0.2308284 0.04592275 0.9962418 0.08495163 0.01689797 0.5690003 0.7597426 -0.3146903 0.003369808 -0.3826472 -0.9238885 0.1500371 -0.5492883 -0.8220531 0.1500316 -0.3783122 -0.9134388 0.1505277 -0.913348 -0.3783345 0.1500723 -0.822044 -0.5492923 0.003333926 1.50685e-5 -0.9999945 0.1503372 -0.1928452 -0.969644 0.1504737 9.99957e-6 -0.988614 0.1501911 -0.6990994 -0.6990727 0.003395676 0.3826429 -0.9238901 0.1502392 0.1928602 -0.9696562 0.1500238 0.3783172 -0.913438 0.003382742 -0.1950817 -0.9807813 0.1501482 0.6991083 -0.6990731 0.003460407 0.5556104 -0.8314356 0.1500359 0.5492963 -0.8220481 0.003409862 0.1950066 -0.980796 0.1505237 0.9133514 -0.3783279 0.003535509 0.8314705 -0.5555577 0.1501162 0.8220484 -0.5492738 0.003560423 0.9999937 4.52704e-7 0.1501829 0.9696255 -0.1930583 0.1503289 0.9886361 1.45951e-6 0.003534734 0.7071233 -0.7070814 0.1505016 0.9133588 0.3783189 0.1499242 0.9696943 0.1929138 0.1504825 0.6990908 0.6990187 0.003430783 0.8314504 0.5555886 0.1500559 0.8220366 0.5493078 0.00346291 0.3826848 0.9238725 0.1500173 0.5492931 0.8220535 0.1501035 0.3783389 0.9134159 0.1504181 8.08056e-6 0.9886225 0.003408491 0.1950853 0.9807804 0.1497893 0.1928777 0.9697224 0.003357231 0.7071192 0.7070864 0.150075 -0.3783643 0.9134101 0.003427624 -0.1951166 0.9807741 0.149856 -0.1928458 0.9697184 0.1500142 -0.5493177 0.8220376 0.150525 -0.6990872 0.6990132 0.003333687 1.84996e-5 0.9999945 0.003379285 -0.9238922 0.3826379 0.1500047 -0.8220557 0.5492934 0.150493 -0.9133637 0.3783103 0.003479123 -0.3827368 0.923851 0.772349 0.6351985 7.38766e-7 0.9991039 0.04151451 -0.00825423 0.9991118 0.04213726 3.7188e-7 0.9991038 -0.03520244 0.0235033 0.7727198 -0.4488103 0.4488579 0.9991107 -0.02979892 0.0298317 0.003546655 -0.9999938 6.9097e-7 0.1499122 -0.9696933 0.1929288 0.003466784 -0.9238636 -0.3827063 0.149911 -0.9696988 -0.1929014 0.003535687 -0.9807716 0.1951277 0.7723571 -0.6351885 7.21306e-7 0.999104 -0.04151123 0.008257091 0.7726972 0.5864636 -0.2428983 0.9991086 0.03899884 -0.0161581 0.7727189 -0.5864303 -0.2429096 0.9991046 -0.04149645 -0.008256256 0.9991099 -0.03896713 -0.01615792 0.7727194 -0.5864326 0.2429025 0.9991103 -0.0389595 0.0161494 0.7727334 0.5864117 0.2429084 0.9991031 0.04153376 0.008255124 0.9991111 0.03894037 0.01614999 0.7724609 -0.4490598 -0.449054 0.9991031 -0.03521054 -0.02352404 0.9991104 -0.02980768 -0.02983266 0.7726984 0.4488133 0.4488918 0.9991043 0.03518658 0.02350628 0.9991114 0.02978193 0.02982544 0.7724068 -0.2430545 -0.5867813 0.9991053 -0.02349418 -0.03516489 0.9990975 -0.01626676 -0.03923857 0.7723985 0.2430421 0.5867975 0.9991028 0.02353137 0.03521311 0.9991093 0.01614314 0.03898745 0.7726812 5.65099e-6 -0.6347945 0.9991034 -0.008270442 -0.0415219 0.9991102 4.25876e-6 -0.04217803 0.7727072 -2.45999e-6 0.6347627 0.999107 0.008250713 0.04144191 0.9991101 -4.15089e-7 0.04218071 0.7724242 0.2430443 -0.5867626 0.999104 0.008266925 -0.04150664 0.9991123 0.0161184 -0.03892189 0.7723856 -0.2430565 0.5868083 0.9991064 -0.008254408 0.04145526 0.9991093 -0.01614278 0.03899079 0.7724267 0.4490822 -0.4490906 0.9991035 0.02351671 -0.03520482 0.9991106 0.02980875 -0.02982556 0.999105 -0.02349859 0.03517222 0.9991027 0.03521722 -0.02352696 0.7719612 -0.6234502 -0.1240391 0.569047 0.8223051 0 0.02707409 0.9804195 0.1950505 0.5694853 0.8062016 0.1603918 0.9962397 0.08664125 0 0.9719089 0.1956866 0.1307664 0.9962394 0.06126314 0.06126999 0.9962408 0.0720309 0.04812264 0.996239 0.03316062 0.08005207 0.9962415 0.04812717 0.07201933 0.996239 1.58062e-6 0.08664846 0.9962415 0.01689773 0.08495485 0.9962389 -0.03316074 0.08005279 0.9962413 -0.01689708 0.08495855 0.9962393 -0.061266 0.06126999 0.9962427 -0.048119 0.07200914 0.99624 -0.08004349 0.03315073 0.9962405 -0.07203614 0.04812276 0.9962396 -0.08664089 0 0.9962418 -0.08495229 0.01689881 0.9962406 -0.08003401 -0.03315562 0.9962419 -0.08495157 -0.01689875 0.9962399 -0.06126302 -0.06126058 0.9962391 -0.0720486 -0.04813307 0.9962405 -0.03315269 -0.08003664 0.9962415 -0.04812729 -0.07201945 0.9962404 -6.25456e-7 -0.08663237 0.9962415 -0.01690524 -0.08495438 0.9962406 0.03315269 -0.0800358 0.9962415 0.01690453 -0.08495491 0.9962403 0.06125897 -0.06126099 0.9962413 0.04812741 -0.07202106 0.9962407 0.08003371 -0.03315579 0.9962394 0.07204341 -0.04813301 0.9962417 0.08495247 -0.01689797 0.02677768 0.9235537 0.3825332 0.02672564 0.8311704 0.5553753 0.02715587 0.706862 0.70683 0.02671325 0.5553892 0.8311614 0.02668571 0.1950227 0.9804357 0.02699625 4.87975e-6 0.9996356 0.02667665 -0.195016 0.9804372 0.02688574 -0.3825551 0.9235414 0.02671056 -0.5553974 0.831156 0.02711802 -0.7068495 0.7068441 0.02672201 -0.8311694 0.555377 0.02674376 -0.9235617 0.3825161 0.02665108 -0.9804387 0.195012 0.02667158 -0.9804353 -0.1950266 0.02691483 -0.923553 -0.3825253 0.02692669 -0.8311629 -0.5553767 0.02678173 -0.7068718 -0.7068345 0.027022 -0.5553613 -0.8311701 0.02698147 -0.1950114 -0.9804298 0.02656215 5.69601e-6 -0.9996473 0.02699077 0.1950203 -0.9804278 0.02701884 0.5553641 -0.8311684 0.02681225 0.7068823 -0.7068229 0.02642947 0.8311687 -0.5553921 0.02691304 0.9235376 -0.3825625 0.02706199 0.9804235 -0.1950317 0.772022 -0.5284629 -0.3531417 0.772081 -0.3530731 -0.5284225 0.7722395 -0.1239613 -0.623121 0.7722759 0.1241869 -0.623031 0.7720474 0.353111 -0.5284463 0.7720473 0.5284479 -0.353109 0.7719417 0.6234773 -0.1240256 0.7719313 0.6234862 0.1240459 0.772077 0.5284151 0.353093 0.7720139 0.3531308 0.5284822 0.7719432 0.1239679 0.6234868 0.7719954 -0.124016 0.6234125 0.7720469 -0.3531149 0.5284445 0.7720367 -0.5284745 0.3530925 0.7719444 -0.6234695 0.1240469 0.998322 0.05689597 0.01077765 0.9994379 0.002579808 -0.03342431 0.9988651 0.04751974 0.003213167 0.9619835 -0.1071123 0.2512266 0.9928548 0.007727503 0.1190784 0.9744443 -0.03923499 0.2211765 0.9719429 0.1761983 0.1558251 0.9891977 0.1206853 -0.08320432 0.9922009 0.1155369 0.0467832 0.9565977 0.2914079 -0.001529276 0.9949983 0.0990892 -0.01263594 0.9949976 0.09988653 -0.001582503 0.9972507 0.0726422 -0.01463288 0.995495 -0.04072743 0.08562123 0.9988949 -0.04490506 -0.01388442 0.9748314 -0.2211079 -0.02854841 0.9998841 -0.004148125 -0.01465028 0.9909352 -0.1206014 -0.05918502 0.9724307 0.08165258 0.2184298 0.7775182 -0.6162794 -0.1251608 0.7276176 -0.6859826 -6.96143e-4 0.8000988 -0.5647341 -0.2022808 0.2700349 1.14439e-4 0.9628506 0.2955312 -0.00905168 0.9552903 0.3045386 -0.01230841 0.9524205 0.9774726 -0.1594442 -0.1382933 0.9938568 -0.05308824 -0.09711092 0.7841461 0.1614328 0.5992115 0.8677324 0.2360855 0.4373834 0.9644737 0.2588396 -0.0528441 0.9409093 0.3386549 -0.001615524 0.9612379 0.2227974 -0.1624291 0.9984611 -0.05545753 -2.39397e-4 0.9970908 0.07614892 -0.00336498 0.998842 -0.04703032 -0.01014101 0.9712532 -0.2380489 -6.45377e-5 0.968932 -0.2397459 0.06076854 0.9841955 -0.1658249 0.06213867 0.9788158 0.1985942 0.04979997 0.977371 0.09506797 0.1889659 0.9995653 0.006351768 0.02879071 0.9984213 0.05465304 -0.01296198 0.9997572 -0.007399141 0.02075427 0.9590427 0.02417165 0.2822288 0.9660355 0.1066185 0.2353888 0.8192663 -0.4813945 -0.3115483 0.8194838 -0.4824268 -0.3093717 0.2482891 0.03561604 0.9680311 0.1898871 0.03275793 0.9812593 0.1965075 0.0357809 0.9798493 0.7245277 -0.6892454 -6.8142e-4 0.7202245 -0.6937295 -0.004025101 0.7248686 -0.688887 -5.21755e-4 0.9997966 -0.02014935 -8.67708e-4 0.9998801 -0.01008707 -0.01174867 0.9965426 0.08307808 -9.8302e-4 0.9994704 -0.0325312 -9.41351e-4 0.7664711 0.01713967 0.6420502 0.7195813 0.2193671 0.6588481 0.9946177 0.0264067 -0.1001917 0.9708805 0.02581161 -0.23817 0.9941171 0.02710998 -0.1048638 0.9972783 0.02684164 -0.06866991 0.9955572 0.02591437 0.09052294 0.9983442 0.02723926 0.05066573 0.7006017 0.01884877 -0.7133036 0.69808 0.01854211 -0.7157797 0.5834364 -0.08419752 0.8077827 0.7486625 -0.1839259 0.6369268 0.4877882 -0.1156172 0.8652718 0.9984332 -0.05595809 -6.55524e-5 0.966171 -0.04920446 0.2531651 0.9583304 0.282072 0.04514962 0.1989495 0.03029596 0.9795414 0.6149791 0.03844642 0.7876056 0.7185661 -0.6954369 -0.005513727 0.7178221 -0.6962186 0.003347158 0.6531937 0.5977538 0.4647887 0.6967763 0.6845999 0.2140697 0.7131154 0.6650836 0.2216535 0.988547 0.0663287 0.1355554 0.9965062 0.08343702 0.003710389 0.97554 -0.03193414 0.21749 0.9047446 0.04844039 0.4231911 0.9863299 0.162275 -0.02864247 0.9923446 -0.07878613 0.0951057 0.7100775 0.7041206 0.002056598 0.7098859 0.7043164 -6.62077e-4 0.7112635 0.7029241 0.001378297 0.9943585 0.0267226 -0.1026499 0.9986512 0.02677291 0.0444855 0.7113086 0.7028785 0.001445233 0.9988721 0.02644443 0.03943926 0.9685266 0.02608215 -0.2475399 0.9912561 0.08300155 0.1025777 0.9551303 -0.2961859 -5.3363e-5 0.9709662 -0.2392157 -7.50146e-4 0.9549857 -0.2966488 -0.001366019 0.7221339 -0.6642737 0.1930369 0.6970555 -0.5942637 0.4012036 0.7316254 -0.6506776 0.2033298 0.579555 0.01282936 0.8148322 0.5818819 0.01280045 0.8131727 0.9710849 -0.2387344 -6.61045e-5 0.9984438 -0.05576783 -7.16184e-5 0.9553938 -0.2953351 -5.65532e-5 0.9831638 -0.04633986 0.1767531 0.9987702 0.02674728 -0.04174447 0.9988428 0.04045331 -0.02601557 0.7728137 0.6161742 -0.1519493 0.709867 0.7043358 -9.61034e-5 0.709867 0.7043358 -9.9387e-5 0.7191573 0.01909595 -0.6945849 0.7167893 0.01926875 -0.6970236 0.9963446 0.02606886 0.08135044 0.9646599 0.02440607 0.2623656 0.9471029 0.02353709 0.3200662 0.7098625 0.7043403 -8.52043e-5 0.998207 0.02690023 -0.05347234 0.9960142 0.02612006 0.08528512 0.9975649 0.06974542 -7.30472e-5 0.7098262 0.7043769 -9.20816e-5 0.7009388 0.01862472 -0.7129783 0.7087596 0.01920038 -0.7051888 0.7087592 0.01920884 -0.7051889 0.6892336 0.01590734 0.7243646 0.6910536 0.01593941 0.7226278 0.7098277 0.7043755 -9.98036e-5 0.962286 0.02423363 0.2709586 0.7166134 0.01926451 -0.6972045 0.947517 0.02357923 0.3188347 0.9479318 0.02357369 0.3175996 0.9667383 0.255766 -9.30383e-4 0.7261424 -0.6875442 -5.28092e-4 0.7249566 -0.6887943 -6.27331e-4 0.995834 0.09117949 -0.001065671 0.9990119 -0.04442614 -0.001267969 0.7274707 -0.6861386 -5.26856e-4 0.7262554 -0.6874247 -6.49412e-4 0.9986473 -0.04770505 -0.02068459 0.9618508 0.2735733 -9.06025e-4 0.9463095 0.3232615 -5.33868e-4 0.943561 0.3311986 -4.72894e-4 0.9975021 0.07063686 -6.04918e-5 0.997628 0.0688368 -7.10987e-5 0.8159963 0.4511966 -0.361347 0.7960003 0.5590044 -0.2321586 0.9658551 0.02633106 -0.2577419 0.7666615 0.01703423 0.6418255 0.9996367 0.02695745 0 0 -0.1621478 0.9867666 -1.7742e-7 -0.09160166 0.9957957 0 -0.1621472 0.9867666 2.20958e-6 -0.007814764 0.9999695 -1.67858e-6 -0.007907569 0.9999688 0 -0.007961213 0.9999684 0 -0.006618976 0.9999782 0 -0.006571054 0.9999784 0 -0.002803921 0.9999961 0 -0.00654304 0.9999787 0 -0.006591022 0.9999784 0 -0.9999822 0.005968451 0 -0.9999108 0.01336181 0 -0.9999108 0.0133605 0 -0.9984692 0.05531144 0 -0.007384419 0.9999728 0 -0.01452875 0.9998946 -2.77822e-6 -0.01462459 0.9998931 -1.88365e-6 -0.009140849 0.9999582 0 -0.08691668 0.9962156 0 -0.9984575 0.05552154 0 -0.9959402 0.09001755 0 -0.01705455 0.9998546 -2.64923e-6 -0.01465791 0.9998927 0 -0.01456207 0.999894 0 -0.1621197 0.9867712 -1.95029e-6 -0.008909821 0.9999604 3.06728e-7 -0.001096904 0.9999995 -1.8183e-7 -0.001096904 0.9999995 -3.22742e-6 -2.33914e-6 1 -9.25671e-7 -9.13164e-4 0.9999996 0 -9.61102e-4 0.9999997 -4.57814e-5 -1.52423e-6 1 -4.37869e-5 -0.00354892 0.9999938 -4.51236e-5 -0.003692746 0.9999932 -4.27397e-5 -0.007273316 0.9999736 -4.53003e-5 -0.003773868 0.9999929 -4.39321e-5 -0.003582119 0.9999936 0 -0.002663016 0.9999965 0 -0.001176953 0.9999994 0 -0.001224875 0.9999993 0 -0.007219314 0.999974 0 -0.001273214 0.9999993 0 -0.001273214 0.9999992 0.003586053 0.9807798 -0.1950852 0.003283262 0.555503 0.8315081 0.003267943 -0.5555668 0.8314655 0.003562033 -0.9807806 -0.1950815 0.02698856 0.9996358 0 0.003270745 0.5555496 0.831477 0.003586232 -0.9807805 -0.1950817 0.72738 -0.6862347 -5.16053e-4 0.2448474 0.009094953 0.9695191 0.7227466 -0.6909745 -0.01384782 0.7006481 0.01899749 -0.7132541 0.7009014 0.01866888 -0.7130138 0.6982069 0.0185647 -0.7156554 0.9497311 -0.08729565 0.30065 0.6381077 0.6638067 0.3901018 0.9979529 -0.05421692 0.03392082 0.7100779 0.7041202 0.002070844 0.7098338 0.7043691 -5.42584e-4 0.7100861 0.7041115 0.002164602 0.6844276 -0.6262295 0.373357 0.7190452 0.01911056 -0.6947005 0.7164829 0.01907593 -0.6973438 0.7167149 0.01941442 -0.697096 0.7098433 0.7043597 -8.80351e-5 0.709847 0.704356 -9.1989e-5 0.7006227 0.01883745 -0.7132832 0.7098387 0.7043643 -8.8013e-5 0.716579 0.01902651 -0.6972464 0.7261043 -0.6875844 -6.24654e-4 0.7248861 -0.6888684 -7.42186e-4 0.7274098 -0.6862032 -6.07907e-4 0.7261953 -0.6874881 -7.48646e-4 0.8161857 0.4526192 -0.3591334 0.9996366 0.02695739 0 -5.21632e-5 -0.007800161 0.9999696 -3.56543e-6 -0.007907807 0.9999688 0 -0.007961153 0.9999684 0 -0.006666839 0.9999778 -1.45351e-7 -0.002755999 0.9999963 0 -0.002660095 0.9999965 0 -0.006591022 0.9999784 0 -0.9999822 0.005968511 0 -0.9959402 0.09001803 -2.79189e-5 -0.01704788 0.9998548 -3.09152e-6 -0.01469928 0.9998919 0 -0.162111 0.9867725 -4.25203e-5 -1.52127e-6 1 -2.92311e-6 -9.11489e-4 0.9999996 -4.05441e-5 -1.53385e-6 1 -4.41598e-5 -0.00354892 0.9999938 -3.58336e-5 -0.007750749 0.99997 -3.74761e-5 -0.007606863 0.9999711 -4.53417e-5 -0.003724277 0.9999931 0 -0.002663016 0.9999965 0 -0.002710998 0.9999964 0 -0.001176953 0.9999994</float_array>
          <technique_common>
            <accessor source="#Roof_low_002-mesh-normals-array" count="737" stride="3">
              <param name="X" type="float"/>
              <param name="Y" type="float"/>
              <param name="Z" type="float"/>
            </accessor>
          </technique_common>
        </source>
        <source id="Roof_low_002-mesh-map-0">
          <float_array id="Roof_low_002-mesh-map-0-array" count="6744">0.8155573 0.422358 0.8158248 0.4214045 0.815631 0.4223657 0.8157374 0.4243348 0.816181 0.4252341 0.8161129 0.4252699 0.8161397 0.4204607 0.8167528 0.4196777 0.8162054 0.4204959 0.8155573 0.422358 0.8156228 0.4233452 0.8155468 0.423352 0.8174084 0.4189265 0.8182815 0.4184382 0.8174555 0.4189845 0.8161397 0.4204607 0.8158248 0.4214045 0.8157519 0.4213821 0.8191765 0.4179943 0.8201666 0.4178743 0.8191979 0.418066 0.8174084 0.4189265 0.8167528 0.4196777 0.8166939 0.4196289 0.8211694 0.4178022 0.8221437 0.4180724 0.8211619 0.4178772 0.8191765 0.4179943 0.8182815 0.4184382 0.8182458 0.4183702 0.8231021 0.4183902 0.8238964 0.4190086 0.8230664 0.4184568 0.8211694 0.4178022 0.8201666 0.4178743 0.8201592 0.4177979 0.8246628 0.4196692 0.8251639 0.4205533 0.8246041 0.4197174 0.8231021 0.4183902 0.8221437 0.4180724 0.8221664 0.4179981 0.8256167 0.4214595 0.8257368 0.4224622 0.8255442 0.4214812 0.8246628 0.4196692 0.8238964 0.4190086 0.8239455 0.4189486 0.8258036 0.4234715 0.8255264 0.4244441 0.8257284 0.4234635 0.8256167 0.4214595 0.8251639 0.4205533 0.8252327 0.4205167 0.8251953 0.425397 0.8245646 0.4261808 0.8251293 0.4253605 0.8258036 0.4234715 0.8257368 0.4224622 0.825814 0.422455 0.8238937 0.426927 0.8230138 0.4274051 0.8238473 0.426868 0.8251953 0.425397 0.8255264 0.4244441 0.8256005 0.4244675 0.8221107 0.4278359 0.8211158 0.4279417 0.8220903 0.4277639 0.8238937 0.426927 0.8245646 0.4261808 0.8246234 0.4262309 0.8201185 0.427999 0.8191555 0.4277195 0.8201269 0.4279245 0.8221107 0.4278359 0.8230138 0.4274051 0.8230488 0.4274737 0.8182036 0.4273921 0.8174189 0.4267674 0.8182398 0.4273261 0.8201185 0.427999 0.8211158 0.4279417 0.8211221 0.4280183 0.8167271 0.4260613 0.8164494 0.4250927 0.8169624 0.4258711 0.8182036 0.4273921 0.8191555 0.4277195 0.8191323 0.427793 0.8181314 0.4221122 0.8175855 0.4225636 0.8177065 0.4219809 0.8181402 0.4236187 0.8179293 0.4243073 0.8176994 0.4237492 0.8182664 0.4209375 0.8183317 0.4216439 0.8179337 0.4214311 0.8180354 0.4226104 0.8175833 0.4231603 0.8175855 0.4225636 0.8191947 0.4201903 0.8189809 0.4208713 0.8186925 0.4205184 0.8179337 0.4214311 0.8181314 0.4221122 0.8177065 0.4219809 0.8203493 0.4198561 0.8198859 0.4204095 0.8197543 0.4199671 0.8186925 0.4205184 0.8186172 0.421225 0.8182664 0.4209375 0.8215549 0.419983 0.8209103 0.4203258 0.8209565 0.4198616 0.8197543 0.4199671 0.8194091 0.4205952 0.8191947 0.4201903 0.8223383 0.4209131 0.8221209 0.4202166 0.822626 0.4205591 0.8209565 0.4198616 0.820392 0.4203187 0.8203493 0.4198561 0.8233963 0.4214922 0.8227013 0.4212829 0.8230573 0.4209873 0.8221209 0.4202166 0.8214194 0.4204326 0.8215549 0.419983 0.8237498 0.4226515 0.823185 0.422193 0.8236297 0.4220542 0.8230573 0.4209873 0.8223383 0.4209131 0.822626 0.4205591 0.8231863 0.4237114 0.8237535 0.4232594 0.8236288 0.4238513 0.8236297 0.4220542 0.8229882 0.4217146 0.8233963 0.4214922 0.8227038 0.424602 0.8233911 0.4244054 0.8230504 0.4249002 0.8237535 0.4232594 0.823284 0.4227004 0.8237498 0.4226515 0.8219091 0.4252349 0.8226185 0.425316 0.822113 0.425638 0.8229897 0.4241812 0.8236288 0.4238513 0.8233911 0.4244054 0.820928 0.4255002 0.8215557 0.4258614 0.8209592 0.4259634 0.8223385 0.4249569 0.8230504 0.4249002 0.8226185 0.425316 0.8199018 0.425375 0.8203513 0.4259495 0.8197565 0.4258198 0.8215557 0.4258614 0.8219091 0.4252349 0.822113 0.425638 0.8226824 0.4204905 0.822212 0.4200473 0.8227484 0.4204106 0.8203287 0.4261391 0.8209658 0.4260519 0.8209734 0.4261543 0.8189876 0.4248912 0.8191971 0.4255809 0.8186959 0.4252401 0.8204108 0.4254878 0.8209592 0.4259634 0.8203513 0.4259495 0.8183393 0.4240908 0.8182642 0.4248128 0.8179293 0.4243073 0.81942 0.425175 0.8197565 0.4258198 0.8191971 0.4255809 0.8186397 0.4253079 0.8191058 0.425748 0.8185743 0.4253872 0.822212 0.4200473 0.8215808 0.4198979 0.8216111 0.4197986 0.8178519 0.4243483 0.818117 0.4249332 0.8177615 0.4243963 0.8191058 0.425748 0.8197297 0.4259037 0.8196983 0.4260019 0.8234743 0.4214505 0.8232051 0.4208658 0.8235654 0.4214019 0.818117 0.4249332 0.8186397 0.4253079 0.8185743 0.4253872 0.817497 0.4231686 0.8175187 0.4238035 0.8173962 0.4231781 0.8232051 0.4208658 0.8226824 0.4204905 0.8227484 0.4204106 0.8238386 0.4226431 0.8238132 0.4219989 0.8239413 0.4226332 0.8175187 0.4238035 0.8178519 0.4243483 0.8177615 0.4243963 0.8176233 0.4219553 0.8173996 0.4225442 0.817527 0.4219254 0.8238132 0.4219989 0.8234743 0.4214505 0.8235654 0.4214019 0.8237122 0.4238777 0.8239418 0.4232791 0.8238098 0.4239086 0.8173996 0.4225442 0.817497 0.4231686 0.8173962 0.4231781 0.8182001 0.4208824 0.8177703 0.4213429 0.8181225 0.4208179 0.8239418 0.4232791 0.8238386 0.4226431 0.8239413 0.4226332 0.8231167 0.4249565 0.8235567 0.4244967 0.8231943 0.4250223 0.8177703 0.4213429 0.8176233 0.4219553 0.817527 0.4219254 0.8191545 0.4201133 0.818575 0.4203721 0.8191075 0.4200232 0.8235567 0.4244967 0.8237122 0.4238777 0.8238098 0.4239086 0.8221526 0.4257156 0.8227351 0.4254639 0.8221991 0.4258061 0.818575 0.4203721 0.8182001 0.4208824 0.8181225 0.4208179 0.8203403 0.4197686 0.8197005 0.4197856 0.8203301 0.4196664 0.8227351 0.4254639 0.8231167 0.4249565 0.8231943 0.4250223 0.8209658 0.4260519 0.8216067 0.4260426 0.8209734 0.4261543 0.8197005 0.4197856 0.8191545 0.4201133 0.8191075 0.4200232 0.8215808 0.4198979 0.8209758 0.4196708 0.8216111 0.4197986 0.8216067 0.4260426 0.8221526 0.4257156 0.8221991 0.4258061 0.8179293 0.4243073 0.818195 0.4248694 0.8178519 0.4243483 0.8209758 0.4196708 0.8203403 0.4197686 0.8203301 0.4196664 0.8182642 0.4248128 0.8189876 0.4248912 0.8186959 0.4252401 0.8173695 0.4268264 0.8164758 0.4262667 0.8166688 0.4261084 0.8167271 0.4260613 0.8176138 0.4265349 0.8174189 0.4267674 0.8158091 0.4243136 0.8159225 0.423318 0.8160988 0.424228 0.8164494 0.4250927 0.8158091 0.4243136 0.8160988 0.424228 0.815631 0.4223657 0.8161123 0.4214924 0.8159293 0.4223963 0.8159225 0.423318 0.815631 0.4223657 0.8159293 0.4223963 0.8162054 0.4204959 0.8169853 0.4198701 0.8164702 0.4206386 0.8161123 0.4214924 0.8162054 0.4204959 0.8164702 0.4206386 0.8174555 0.4189845 0.8184221 0.4187061 0.8176458 0.4192191 0.8169853 0.4198701 0.8174555 0.4189845 0.8176458 0.4192191 0.8191979 0.418066 0.8201957 0.4181766 0.8192842 0.4183557 0.8184221 0.4187061 0.8191979 0.418066 0.8192842 0.4183557 0.8211619 0.4178772 0.8220542 0.4183649 0.8211316 0.4181805 0.8201957 0.4181766 0.8211619 0.4178772 0.8211316 0.4181805 0.8230664 0.4184568 0.8237026 0.4192454 0.8229225 0.4187258 0.8220542 0.4183649 0.8230664 0.4184568 0.8229225 0.4187258 0.8246041 0.4197174 0.8248927 0.4206975 0.8243673 0.4199118 0.8237026 0.4192454 0.8246041 0.4197174 0.8243673 0.4199118 0.8255442 0.4214812 0.8254319 0.422491 0.825251 0.4215689 0.8248927 0.4206975 0.8255442 0.4214812 0.825251 0.4215689 0.8257284 0.4234635 0.8252347 0.4243521 0.8254246 0.4234314 0.8254319 0.422491 0.8257284 0.4234635 0.8254246 0.4234314 0.8251293 0.4253605 0.8243325 0.4259837 0.8248629 0.4252132 0.8252347 0.4243521 0.8251293 0.4253605 0.8248629 0.4252132 0.8238473 0.426868 0.822876 0.4271348 0.8236594 0.4266303 0.8243325 0.4259837 0.8238473 0.426868 0.8236594 0.4266303 0.8220903 0.4277639 0.8210914 0.4276397 0.8220083 0.4274728 0.822876 0.4271348 0.8220903 0.4277639 0.8220083 0.4274728 0.8201269 0.4279245 0.8192473 0.4274293 0.8201608 0.4276236 0.8210914 0.4276397 0.8201269 0.4279245 0.8201608 0.4276236 0.8182398 0.4273261 0.8176138 0.4265349 0.818386 0.4270598 0.8192473 0.4274293 0.8182398 0.4273261 0.818386 0.4270598 0.8169624 0.4258711 0.8185743 0.4253872 0.8176138 0.4265349 0.8160988 0.424228 0.8173962 0.4231781 0.8175187 0.4238035 0.8160988 0.424228 0.8177615 0.4243963 0.8164494 0.4250927 0.8159293 0.4223963 0.817527 0.4219254 0.8173996 0.4225442 0.8159293 0.4223963 0.8173962 0.4231781 0.8159225 0.423318 0.8164702 0.4206386 0.8181225 0.4208179 0.8177703 0.4213429 0.8164702 0.4206386 0.817527 0.4219254 0.8161123 0.4214924 0.8176458 0.4192191 0.8191075 0.4200232 0.818575 0.4203721 0.8176458 0.4192191 0.8181225 0.4208179 0.8169853 0.4198701 0.8192842 0.4183557 0.8203301 0.4196664 0.8197005 0.4197856 0.8192842 0.4183557 0.8191075 0.4200232 0.8184221 0.4187061 0.8211316 0.4181805 0.8216111 0.4197986 0.8209758 0.4196708 0.8211316 0.4181805 0.8203301 0.4196664 0.8201957 0.4181766 0.8229225 0.4187258 0.8227484 0.4204106 0.822212 0.4200473 0.8229225 0.4187258 0.8216111 0.4197986 0.8220542 0.4183649 0.8243673 0.4199118 0.8235654 0.4214019 0.8232051 0.4208658 0.8243673 0.4199118 0.8227484 0.4204106 0.8237026 0.4192454 0.825251 0.4215689 0.8239413 0.4226332 0.8238132 0.4219989 0.825251 0.4215689 0.8235654 0.4214019 0.8248927 0.4206975 0.8254246 0.4234314 0.8238098 0.4239086 0.8239418 0.4232791 0.8254246 0.4234314 0.8239413 0.4226332 0.8254319 0.422491 0.8248629 0.4252132 0.8231943 0.4250223 0.8235567 0.4244967 0.8248629 0.4252132 0.8238098 0.4239086 0.8252347 0.4243521 0.8236594 0.4266303 0.8221991 0.4258061 0.8227351 0.4254639 0.8236594 0.4266303 0.8231943 0.4250223 0.8243325 0.4259837 0.8220083 0.4274728 0.8209734 0.4261543 0.8216067 0.4260426 0.8220083 0.4274728 0.8221991 0.4258061 0.822876 0.4271348 0.8201608 0.4276236 0.8196983 0.4260019 0.8203287 0.4261391 0.8201608 0.4276236 0.8209734 0.4261543 0.8210914 0.4276397 0.818386 0.4270598 0.8185743 0.4253872 0.8191058 0.425748 0.8169624 0.4258711 0.8177615 0.4243963 0.818117 0.4249332 0.8196983 0.4260019 0.818386 0.4270598 0.8191058 0.425748 0.8197297 0.4259037 0.8203287 0.4261391 0.8196983 0.4260019 0.8158918 0.4253883 0.8166688 0.4261084 0.8164758 0.4262667 0.8154921 0.4244066 0.8161129 0.4252699 0.8158918 0.4253883 0.8174189 0.4267674 0.8166688 0.4261084 0.8167271 0.4260613 0.8157374 0.4243348 0.8156228 0.4233452 0.8158091 0.4243136 0.8155468 0.423352 0.8154921 0.4244066 0.8153046 0.4233734 0.8153113 0.4223343 0.8155468 0.423352 0.8153046 0.4233734 0.8155138 0.4213111 0.8155573 0.422358 0.8153113 0.4223343 0.8159159 0.42034 0.8157519 0.4213821 0.8155138 0.4213111 0.8166939 0.4196289 0.8159159 0.42034 0.8165054 0.4194732 0.8172473 0.4187284 0.8166939 0.4196289 0.8165054 0.4194732 0.8182458 0.4183702 0.8172473 0.4187284 0.8181309 0.4181478 0.8181309 0.4181478 0.8191765 0.4179943 0.8182458 0.4183702 0.8201592 0.4177979 0.8191069 0.417755 0.8201349 0.4175538 0.8211945 0.4175456 0.8201592 0.4177979 0.8201349 0.4175538 0.8221664 0.4179981 0.8211945 0.4175456 0.8222421 0.4177567 0.8222421 0.4177567 0.8231021 0.4183902 0.8221664 0.4179981 0.8239455 0.4189486 0.8232225 0.418169 0.8241016 0.418757 0.8248629 0.4195041 0.8239455 0.4189486 0.8241016 0.418757 0.8252327 0.4205167 0.8248629 0.4195041 0.8254579 0.420399 0.8254579 0.420399 0.8256167 0.4214595 0.8252327 0.4205167 0.825814 0.422455 0.8258593 0.4213889 0.8260607 0.4224315 0.8260607 0.4234988 0.825814 0.422455 0.8260607 0.4224315 0.8256005 0.4244675 0.8260607 0.4234988 0.825837 0.4245422 0.8254204 0.4255217 0.8256005 0.4244675 0.825837 0.4245422 0.8246234 0.4262309 0.8254204 0.4255217 0.8248112 0.4263908 0.8240523 0.4271279 0.8246234 0.4262309 0.8248112 0.4263908 0.8230488 0.4274737 0.8240523 0.4271279 0.8231602 0.4276925 0.8221802 0.4280816 0.8230488 0.4274737 0.8231602 0.4276925 0.8211221 0.4280183 0.8221802 0.4280816 0.8211415 0.4282624 0.8200924 0.4282476 0.8211221 0.4280183 0.8211415 0.4282624 0.8190583 0.4280334 0.8201185 0.427999 0.8200924 0.4282476 0.8191323 0.427793 0.8180797 0.427617 0.8182036 0.4273921 0.8180797 0.427617 0.8173695 0.4268264 0.8182036 0.4273921 0.8166688 0.4261084 0.816181 0.4252341 0.8167271 0.4260613 0.8175833 0.4231603 0.8176144 0.4237747 0.817497 0.4231686 0.818195 0.4248694 0.8186959 0.4252401 0.8186397 0.4253079 0.8177065 0.4219809 0.817498 0.4225545 0.8176233 0.4219553 0.8176144 0.4237747 0.8179293 0.4243073 0.8178519 0.4243483 0.8182664 0.4209375 0.8178572 0.4213898 0.8182001 0.4208824 0.817498 0.4225545 0.8175833 0.4231603 0.817497 0.4231686 0.8191947 0.4201903 0.8186373 0.4204496 0.8191545 0.4201133 0.8179337 0.4214311 0.8176233 0.4219553 0.8178572 0.4213898 0.8203493 0.4198561 0.8197289 0.4198818 0.8203403 0.4197686 0.8186373 0.4204496 0.8182664 0.4209375 0.8182001 0.4208824 0.8215549 0.419983 0.8209656 0.4197717 0.8215808 0.4198979 0.8197289 0.4198818 0.8191947 0.4201903 0.8191545 0.4201133 0.822626 0.4205591 0.8221637 0.4201369 0.8226824 0.4204905 0.8209656 0.4197717 0.8203493 0.4198561 0.8203403 0.4197686 0.8233963 0.4214922 0.8231269 0.4209302 0.8234743 0.4214505 0.8221637 0.4201369 0.8215549 0.419983 0.8215808 0.4198979 0.8237498 0.4226515 0.8237161 0.4220283 0.8238386 0.4226431 0.8231269 0.4209302 0.822626 0.4205591 0.8226824 0.4204905 0.8236288 0.4238513 0.8238415 0.4232686 0.8237122 0.4238777 0.8237161 0.4220283 0.8233963 0.4214922 0.8234743 0.4214505 0.8230504 0.4249002 0.823469 0.4244483 0.8231167 0.4249565 0.8237535 0.4232594 0.8238386 0.4226431 0.8238415 0.4232686 0.822113 0.425638 0.8226733 0.4253855 0.8221526 0.4257156 0.823469 0.4244483 0.8236288 0.4238513 0.8237122 0.4238777 0.8209658 0.4260519 0.8215557 0.4258614 0.8215795 0.4259462 0.8226733 0.4253855 0.8230504 0.4249002 0.8231167 0.4249565 0.8197565 0.4258198 0.8203406 0.4260387 0.8197297 0.4259037 0.8215795 0.4259462 0.822113 0.425638 0.8221526 0.4257156 0.8186959 0.4252401 0.8191542 0.4256595 0.8186397 0.4253079 0.8203406 0.4260387 0.8209592 0.4259634 0.8209658 0.4260519 0.8180376 0.4231187 0.8176994 0.4237492 0.8175833 0.4231603 0.8191542 0.4256595 0.8197565 0.4258198 0.8197297 0.4259037 0.8319624 0.4178025 0.8329261 0.4180783 0.8319544 0.4178771 0.8299678 0.4179833 0.8290651 0.4184328 0.8290288 0.4183647 0.8338785 0.4184046 0.8346629 0.4190319 0.8338423 0.4184707 0.8319624 0.4178025 0.8309652 0.4178668 0.8309583 0.4177902 0.835412 0.4196996 0.8358938 0.4205808 0.8353531 0.4197463 0.8338785 0.4184046 0.8329261 0.4180783 0.8329492 0.4180047 0.8363303 0.42148 0.8364425 0.422471 0.8362585 0.4215008 0.835412 0.4196996 0.8346629 0.4190319 0.8347128 0.418973 0.8365073 0.4234722 0.8362314 0.4244419 0.8364325 0.4234641 0.8363303 0.42148 0.8358938 0.4205808 0.8359621 0.4205455 0.8359084 0.4253933 0.8352889 0.4261787 0.8358424 0.4253575 0.8365073 0.4234722 0.8364425 0.422471 0.8365191 0.4224642 0.8346297 0.4269348 0.8337526 0.427427 0.8345822 0.4268764 0.8359084 0.4253933 0.8362314 0.4244419 0.836305 0.4244649 0.8328565 0.4278719 0.8318675 0.4279899 0.8328351 0.4278002 0.8346297 0.4269348 0.8352889 0.4261787 0.8353481 0.4262278 0.8308729 0.4280577 0.829913 0.4277893 0.8308805 0.4279835 0.8328565 0.4278719 0.8337526 0.427427 0.8337886 0.4274951 0.8289681 0.42747 0.8281825 0.4268521 0.8290036 0.4274044 0.8308729 0.4280577 0.8318675 0.4279899 0.8318747 0.428066 0.8274292 0.4261908 0.8269395 0.4253128 0.8274875 0.4261437 0.8289681 0.42747 0.829913 0.4277893 0.8298903 0.4278626 0.8264974 0.4244074 0.8263832 0.4234063 0.8265697 0.4243863 0.8274292 0.4261908 0.8281825 0.4268521 0.8281333 0.4269113 0.8263188 0.422403 0.8265928 0.4214336 0.8263936 0.422411 0.8264974 0.4244074 0.8269395 0.4253128 0.8268709 0.4253486 0.8269144 0.420476 0.8275347 0.4196844 0.8269808 0.4205118 0.8263188 0.422403 0.8263832 0.4234063 0.8263062 0.4234131 0.8282378 0.4189858 0.8292082 0.4187017 0.82843 0.4192207 0.8269144 0.420476 0.8265928 0.4214336 0.8265189 0.4214107 0.8321878 0.4204059 0.8317442 0.4198445 0.8323323 0.4199693 0.8306829 0.4203927 0.829998 0.4201807 0.8305547 0.4199521 0.8330834 0.4208992 0.832886 0.420208 0.833383 0.4205507 0.8316895 0.4202992 0.8311442 0.4198384 0.8317442 0.4198445 0.8337287 0.4216958 0.8338021 0.4209831 0.8341269 0.4214898 0.8326596 0.4206087 0.8323323 0.4199693 0.832886 0.420208 0.8344621 0.4226434 0.833911 0.4221767 0.8343517 0.4220491 0.8334432 0.4212669 0.833383 0.4205507 0.8338021 0.4209831 0.8343315 0.423847 0.8339926 0.4232031 0.8344551 0.4232505 0.8343517 0.4220491 0.8337287 0.4216958 0.8341269 0.4214898 0.8334017 0.4246239 0.8340961 0.4244098 0.833753 0.4249112 0.8344551 0.4232505 0.8340014 0.4226854 0.8344621 0.4226434 0.8328237 0.4256753 0.8330321 0.4249845 0.8333257 0.4253389 0.8340961 0.4244098 0.8338841 0.4237103 0.8343315 0.423847 0.8316778 0.4260277 0.8321282 0.4254695 0.8322675 0.4259081 0.8333257 0.4253389 0.8334017 0.4246239 0.833753 0.4249112 0.8306284 0.4254719 0.8310785 0.4260297 0.8304957 0.4259032 0.8322675 0.4259081 0.8326011 0.42527 0.8328237 0.4256753 0.8294523 0.4253361 0.8301615 0.4252728 0.8299463 0.4256722 0.8310785 0.4260297 0.8316286 0.4255713 0.8316778 0.4260277 0.8287047 0.4243992 0.8293917 0.4246174 0.8290333 0.424906 0.8299463 0.4256722 0.8306284 0.4254719 0.8304957 0.4259032 0.8288424 0.4231963 0.8284792 0.423835 0.8283737 0.4232323 0.8290333 0.424906 0.8297443 0.4249849 0.8294523 0.4253361 0.828958 0.4221597 0.8283832 0.4226194 0.8285079 0.4220198 0.8284792 0.423835 0.829118 0.4241859 0.8287047 0.4243992 0.8338208 0.4249673 0.8342638 0.4245007 0.8338999 0.4250329 0.8281921 0.4225983 0.8282844 0.4232395 0.8281812 0.4232479 0.8294292 0.4212401 0.8287408 0.4214562 0.8290756 0.4209514 0.8288498 0.4226744 0.8283737 0.4232323 0.8283832 0.4226194 0.8302136 0.4205884 0.8294964 0.4205162 0.829998 0.4201807 0.8291503 0.4216745 0.8285079 0.4220198 0.8287408 0.4214562 0.8290071 0.4208961 0.8285724 0.4213668 0.8289271 0.4208316 0.8342638 0.4245007 0.8344159 0.4238733 0.8345144 0.4239039 0.8299569 0.4201036 0.8293751 0.4203704 0.8299087 0.4200134 0.8285724 0.4213668 0.8284232 0.4219937 0.8283243 0.4219633 0.8328652 0.4257524 0.833446 0.4254855 0.8329135 0.4258425 0.8293751 0.4203704 0.8290071 0.4208961 0.8289271 0.4208316 0.8311364 0.4197517 0.8305006 0.4197711 0.8311272 0.4196503 0.833446 0.4254855 0.8338208 0.4249673 0.8338999 0.4250329 0.8316866 0.4261152 0.832323 0.4260889 0.8316967 0.4262164 0.8305006 0.4197711 0.8299569 0.4201036 0.8299087 0.4200134 0.8323588 0.4198861 0.8317648 0.4196569 0.8323898 0.4197888 0.832323 0.4260889 0.8328652 0.4257524 0.8329135 0.4258425 0.8304698 0.425986 0.8310591 0.4262154 0.8304395 0.4260826 0.8317648 0.4196569 0.8311364 0.4197517 0.8311272 0.4196503 0.8334394 0.420484 0.8329778 0.4200423 0.8335054 0.4204061 0.8310591 0.4262154 0.8316866 0.4261152 0.8316967 0.4262164 0.8293965 0.4254026 0.8298566 0.4258369 0.8293312 0.4254804 0.8329778 0.4200423 0.8323588 0.4198861 0.8323898 0.4197888 0.8342053 0.4214495 0.8339494 0.4208661 0.8342961 0.4214026 0.8298566 0.4258369 0.8304698 0.425986 0.8304395 0.4260826 0.8286266 0.4244394 0.8288854 0.4250241 0.8285354 0.4244866 0.8339494 0.4208661 0.8334394 0.420484 0.8335054 0.4204061 0.8345496 0.4226359 0.8345337 0.4219964 0.8346518 0.422627 0.8288854 0.4250241 0.8293965 0.4254026 0.8293312 0.4254804 0.8282844 0.4232395 0.8282961 0.4238871 0.8281812 0.4232479 0.8345337 0.4219964 0.8342053 0.4214495 0.8342961 0.4214026 0.8344159 0.4238733 0.8346449 0.4232711 0.8345144 0.4239039 0.8282961 0.4238871 0.8286266 0.4244394 0.8285354 0.4244866 0.829998 0.4201807 0.8294394 0.4204477 0.8299569 0.4201036 0.8346449 0.4232711 0.8345496 0.4226359 0.8346518 0.422627 0.8294964 0.4205162 0.8294292 0.4212401 0.8290756 0.4209514 0.8274753 0.4196354 0.82803 0.418735 0.8281902 0.4189276 0.8282378 0.4189858 0.8277695 0.4198781 0.8275347 0.4196844 0.8299894 0.4180555 0.8309924 0.4181691 0.8300759 0.418347 0.8292082 0.4187017 0.8299894 0.4180555 0.8300759 0.418347 0.8319544 0.4178771 0.8328354 0.4183685 0.8319221 0.4181783 0.8309924 0.4181691 0.8319544 0.4178771 0.8319221 0.4181783 0.8338423 0.4184707 0.8344668 0.4192644 0.8336958 0.4187371 0.8328354 0.4183685 0.8338423 0.4184707 0.8336958 0.4187371 0.8353531 0.4197463 0.8356239 0.4207195 0.8351157 0.4199355 0.8344668 0.4192644 0.8353531 0.4197463 0.8351157 0.4199355 0.8362585 0.4215008 0.8361405 0.4224981 0.8359679 0.4215847 0.8356239 0.4207195 0.8362585 0.4215008 0.8359679 0.4215847 0.8364325 0.4234641 0.8359405 0.4243509 0.8361303 0.4234319 0.8361405 0.4224981 0.8364325 0.4234641 0.8361303 0.4234319 0.8358424 0.4253575 0.8350548 0.425985 0.8355758 0.4252126 0.8359405 0.4243509 0.8358424 0.4253575 0.8355758 0.4252126 0.8345822 0.4268764 0.8336109 0.4271585 0.8343905 0.4266409 0.8350548 0.425985 0.8345822 0.4268764 0.8343905 0.4266409 0.8328351 0.4278002 0.831839 0.4276892 0.832749 0.4275108 0.8336109 0.4271585 0.8328351 0.4278002 0.832749 0.4275108 0.8308805 0.4279835 0.8300021 0.4275005 0.830911 0.4276838 0.831839 0.4276892 0.8308805 0.4279835 0.830911 0.4276838 0.8290036 0.4274044 0.8283765 0.4266189 0.8291475 0.4271391 0.8300021 0.4275005 0.8290036 0.4274044 0.8291475 0.4271391 0.8274875 0.4261437 0.8272099 0.4251717 0.8277238 0.4259533 0.8283765 0.4266189 0.8274875 0.4261437 0.8277238 0.4259533 0.8265697 0.4243863 0.8266871 0.4233794 0.8268619 0.424301 0.8272099 0.4251717 0.8265697 0.4243863 0.8268619 0.424301 0.8263936 0.422411 0.8268849 0.4215235 0.8266966 0.4224429 0.8266871 0.4233794 0.8263936 0.422411 0.8266966 0.4224429 0.8269808 0.4205118 0.8277695 0.4198781 0.8272491 0.4206565 0.8268849 0.4215235 0.8269808 0.4205118 0.8272491 0.4206565 0.82843 0.4192207 0.8289271 0.4208316 0.8277695 0.4198781 0.8300759 0.418347 0.8311272 0.4196503 0.8305006 0.4197711 0.8300759 0.418347 0.8299087 0.4200134 0.8292082 0.4187017 0.8319221 0.4181783 0.8323898 0.4197888 0.8317648 0.4196569 0.8319221 0.4181783 0.8311272 0.4196503 0.8309924 0.4181691 0.8336958 0.4187371 0.8335054 0.4204061 0.8329778 0.4200423 0.8336958 0.4187371 0.8323898 0.4197888 0.8328354 0.4183685 0.8351157 0.4199355 0.8342961 0.4214026 0.8339494 0.4208661 0.8351157 0.4199355 0.8335054 0.4204061 0.8344668 0.4192644 0.8359679 0.4215847 0.8346518 0.422627 0.8345337 0.4219964 0.8359679 0.4215847 0.8342961 0.4214026 0.8356239 0.4207195 0.8361303 0.4234319 0.8345144 0.4239039 0.8346449 0.4232711 0.8361303 0.4234319 0.8346518 0.422627 0.8361405 0.4224981 0.8355758 0.4252126 0.8338999 0.4250329 0.8342638 0.4245007 0.8355758 0.4252126 0.8345144 0.4239039 0.8359405 0.4243509 0.8343905 0.4266409 0.8329135 0.4258425 0.833446 0.4254855 0.8343905 0.4266409 0.8338999 0.4250329 0.8350548 0.425985 0.832749 0.4275108 0.8316967 0.4262164 0.832323 0.4260889 0.832749 0.4275108 0.8329135 0.4258425 0.8336109 0.4271585 0.830911 0.4276838 0.8304395 0.4260826 0.8310591 0.4262154 0.830911 0.4276838 0.8316967 0.4262164 0.831839 0.4276892 0.8291475 0.4271391 0.8293312 0.4254804 0.8298566 0.4258369 0.8291475 0.4271391 0.8304395 0.4260826 0.8300021 0.4275005 0.8277238 0.4259533 0.8285354 0.4244866 0.8288854 0.4250241 0.8277238 0.4259533 0.8293312 0.4254804 0.8283765 0.4266189 0.8268619 0.424301 0.8281812 0.4232479 0.8282961 0.4238871 0.8268619 0.424301 0.8285354 0.4244866 0.8272099 0.4251717 0.8266966 0.4224429 0.8283243 0.4219633 0.8281921 0.4225983 0.8266966 0.4224429 0.8281812 0.4232479 0.8266871 0.4233794 0.8272491 0.4206565 0.8289271 0.4208316 0.8285724 0.4213668 0.82843 0.4192207 0.8299087 0.4200134 0.8293751 0.4203704 0.8283243 0.4219633 0.8272491 0.4206565 0.8285724 0.4213668 0.8284232 0.4219937 0.8281921 0.4225983 0.8283243 0.4219633 0.8289086 0.4181429 0.8281902 0.4189276 0.82803 0.418735 0.8298948 0.4177364 0.8290288 0.4183647 0.8289086 0.4181429 0.8275347 0.4196844 0.8281902 0.4189276 0.8282378 0.4189858 0.8299678 0.4179833 0.8309652 0.4178668 0.8299894 0.4180555 0.8309583 0.4177902 0.8298948 0.4177364 0.8309368 0.4175456 0.8319872 0.4175537 0.8309583 0.4177902 0.8309368 0.4175456 0.8330227 0.417764 0.8319624 0.4178025 0.8319872 0.4175537 0.8340027 0.4181794 0.8329492 0.4180047 0.8330227 0.417764 0.8347128 0.418973 0.8340027 0.4181794 0.8348718 0.4187847 0.8356127 0.4195396 0.8347128 0.418973 0.8348718 0.4187847 0.8359621 0.4205455 0.8356127 0.4195396 0.836186 0.4204324 0.836186 0.4204324 0.8363303 0.42148 0.8359621 0.4205455 0.8365191 0.4224642 0.8365702 0.4214123 0.836763 0.4224418 0.836763 0.423499 0.8365191 0.4224642 0.836763 0.4224418 0.836305 0.4244649 0.836763 0.423499 0.836545 0.4245419 0.836545 0.4245419 0.8359084 0.4253933 0.836305 0.4244649 0.8353481 0.4262278 0.8361275 0.4255145 0.8355373 0.4263839 0.834792 0.4271338 0.8353481 0.4262278 0.8355373 0.4263839 0.8337886 0.4274951 0.834792 0.4271338 0.8339041 0.4277182 0.8339041 0.4277182 0.8328565 0.4278719 0.8337886 0.4274951 0.8318747 0.428066 0.8329257 0.4281114 0.831898 0.428309 0.8308469 0.4283108 0.8318747 0.428066 0.831898 0.428309 0.8298903 0.4278626 0.8308469 0.4283108 0.8298183 0.4280964 0.8288468 0.4276942 0.8298903 0.4278626 0.8298183 0.4280964 0.8281333 0.4269113 0.8288468 0.4276942 0.8279764 0.4271003 0.8272297 0.426352 0.8281333 0.4269113 0.8279764 0.4271003 0.8268709 0.4253486 0.8272297 0.426352 0.8266519 0.4254631 0.8262504 0.4244794 0.8268709 0.4253486 0.8266519 0.4254631 0.8263062 0.4234131 0.8262504 0.4244794 0.8260607 0.4234343 0.8260686 0.4223786 0.8263062 0.4234131 0.8260607 0.4234343 0.8262771 0.4213382 0.8263188 0.422403 0.8260686 0.4223786 0.8265189 0.4214107 0.8266878 0.4203533 0.8269144 0.420476 0.8266878 0.4203533 0.8274753 0.4196354 0.8269144 0.420476 0.8281902 0.4189276 0.8290651 0.4184328 0.8282378 0.4189858 0.8311442 0.4198384 0.8305293 0.419867 0.8311364 0.4197517 0.8294394 0.4204477 0.8290756 0.4209514 0.8290071 0.4208961 0.8323323 0.4199693 0.8317539 0.4197563 0.8323588 0.4198861 0.8305293 0.419867 0.829998 0.4201807 0.8299569 0.4201036 0.833383 0.4205507 0.8329292 0.4201301 0.8334394 0.420484 0.8317539 0.4197563 0.8311442 0.4198384 0.8311364 0.4197517 0.8342053 0.4214495 0.8338021 0.4209831 0.833871 0.4209283 0.8329292 0.4201301 0.8323323 0.4199693 0.8323588 0.4198861 0.8344621 0.4226434 0.8344374 0.4220243 0.8345496 0.4226359 0.833871 0.4209283 0.833383 0.4205507 0.8334394 0.420484 0.8343315 0.423847 0.8345444 0.4232602 0.8344159 0.4238733 0.8344374 0.4220243 0.8341269 0.4214898 0.8342053 0.4214495 0.833753 0.4249112 0.8341749 0.4244526 0.8338208 0.4249673 0.8345444 0.4232602 0.8344621 0.4226434 0.8345496 0.4226359 0.8328237 0.4256753 0.8333824 0.425408 0.8328652 0.4257524 0.8341749 0.4244526 0.8343315 0.423847 0.8344159 0.4238733 0.8316778 0.4260277 0.8322936 0.4259932 0.8316866 0.4261152 0.8333824 0.425408 0.833753 0.4249112 0.8338208 0.4249673 0.8304957 0.4259032 0.8310695 0.4261165 0.8304698 0.425986 0.8322936 0.4259932 0.8328237 0.4256753 0.8328652 0.4257524 0.8294523 0.4253361 0.8299041 0.4257496 0.8293965 0.4254026 0.8310785 0.4260297 0.8316866 0.4261152 0.8310695 0.4261165 0.8287047 0.4243992 0.8289636 0.4249615 0.8286266 0.4244394 0.8299041 0.4257496 0.8304957 0.4259032 0.8304698 0.425986 0.8282844 0.4232395 0.8284792 0.423835 0.8283936 0.4238594 0.8289636 0.4249615 0.8294523 0.4253361 0.8293965 0.4254026 0.8285079 0.4220198 0.8282933 0.4226095 0.8284232 0.4219937 0.8283936 0.4238594 0.8287047 0.4243992 0.8286266 0.4244394 0.8290756 0.4209514 0.8286615 0.4214143 0.8290071 0.4208961 0.8282933 0.4226095 0.8283737 0.4232323 0.8282844 0.4232395 0.8311815 0.4202944 0.8305547 0.4199521 0.8311442 0.4198384 0.8286615 0.4214143 0.8285079 0.4220198 0.8284232 0.4219937 0.2292098 0.4281067 0.2320193 0.4254296 0.2299759 0.4286305 0.1650409 0.6116404 0.1661231 0.6119972 0.1651703 0.6121051 0.1655278 0.4279264 0.1684361 0.4297707 0.1656026 0.4297553 0.1777372 0.4279804 0.1702625 0.4270507 0.1778092 0.4270462 0.1690961 0.427048 0.1655578 0.4238151 0.1691821 0.4237831 0.1715153 0.6111991 0.1702321 0.6119619 0.1701328 0.6112125 0.1661231 0.6119972 0.1651195 0.6139495 0.1651703 0.6121051 0.3345443 0.9488549 0.3370334 0.9425513 0.3370336 0.9505423 0.6867835 0.4299775 0.6851454 0.4256686 0.6867835 0.4241074 0.1716385 0.6092544 0.1701328 0.6112125 0.1695611 0.6094579 0.1655327 0.4297714 0.1641409 0.4273616 0.1655278 0.4279264 0.170225 0.4279774 0.1775069 0.4299234 0.1703903 0.4299966 0.1788315 0.6119083 0.1715394 0.6142767 0.1715314 0.6119561 0.2205389 0.6103124 0.2260738 0.608178 0.2280199 0.6100257 0.2285928 0.4290872 0.2299759 0.4286305 0.2293518 0.4296072 0.2293184 0.6103566 0.2315339 0.6131059 0.2288501 0.6107834 0.2281907 0.454304 0.2273836 0.4315348 0.2293518 0.4296072 0.3341745 0.9496675 0.3370336 0.9505423 0.3366571 0.9513774 0.4591566 0.4290326 0.4607717 0.4253979 0.4607717 0.4304553 0.3345525 0.8976439 0.3370333 0.8899289 0.3370336 0.8978589 0.2292098 0.4281067 0.2229213 0.4245634 0.2312292 0.4248914 0.2212021 0.4277815 0.2002094 0.4240258 0.2229213 0.4245634 0.1655327 0.4297714 0.1660704 0.4534618 0.1629127 0.4293066 0.1716385 0.6092544 0.1691143 0.5864254 0.17119 0.586409 0.1703903 0.4299966 0.168143 0.4530392 0.1684361 0.4297707 0.2299759 0.4286305 0.2308914 0.4510324 0.2289589 0.4533933 0.170225 0.4279774 0.1690961 0.427048 0.1702625 0.4270507 0.1656026 0.4297553 0.168143 0.4530392 0.1652331 0.453036 0.9938591 0.3479509 0.9914093 0.3251447 0.9938592 0.3233883 0.1886838 0.6125535 0.1887238 0.6147965 0.1869339 0.613538 0.2280199 0.6100257 0.2212444 0.6110686 0.2205389 0.6103124 0.2265134 0.6077691 0.2280199 0.6100257 0.2260738 0.608178 0.2293518 0.4296072 0.2289589 0.4533933 0.2281907 0.454304 0.2285928 0.4290872 0.2273836 0.4315348 0.2266575 0.4310347 0.4592101 0.4267425 0.4591566 0.4290326 0.4590188 0.4285724 0.3370333 0.8899289 0.3345161 0.8889337 0.3370326 0.8884803 0.3421109 0.9514442 0.3402301 0.9500963 0.3427224 0.9503306 0.1641409 0.4273616 0.1655173 0.4270207 0.1655278 0.4279264 0.1702321 0.6119619 0.1715394 0.6142767 0.1701911 0.6142866 0.1661231 0.6119972 0.1701328 0.6112125 0.1702321 0.6119619 0.164131 0.4243988 0.1655173 0.4270207 0.1643322 0.4267991 0.1655173 0.4270207 0.1688542 0.4279588 0.1655278 0.4279264 0.166019 0.6112529 0.1695611 0.6094579 0.1701328 0.6112125 0.3402057 0.9460209 0.3427196 0.9447205 0.3427205 0.9463031 0.1652331 0.453036 0.1685097 0.5198874 0.1652293 0.519917 0.3402301 0.9500963 0.3427205 0.9463031 0.3427224 0.9503306 0.1695611 0.6094579 0.1654369 0.586477 0.1691143 0.5864254 0.1684361 0.4297707 0.170225 0.4279774 0.1703903 0.4299966 0.1691143 0.5864254 0.1704919 0.5198853 0.17119 0.586409 0.1661231 0.6119972 0.1701911 0.6142866 0.1660997 0.6143143 0.1985357 0.6089611 0.1787257 0.6111505 0.178481 0.6092814 0.1691821 0.4237831 0.1702625 0.4270507 0.1690961 0.427048 0.1641409 0.4273616 0.164131 0.4243988 0.1643322 0.4267991 0.3345215 0.8853649 0.3363261 0.8834372 0.3370309 0.8849674 0.3370326 0.8884803 0.3345215 0.8853649 0.3370309 0.8849674 0.1886838 0.6125535 0.1837891 0.5895324 0.1856814 0.5892429 0.1994552 0.610834 0.1788315 0.6119083 0.1787257 0.6111505 0.2205389 0.6103124 0.199854 0.611592 0.1994552 0.610834 0.1994552 0.610834 0.2189114 0.608438 0.2205389 0.6103124 0.2284839 0.6096014 0.2288501 0.6107834 0.2280199 0.6100257 0.2293184 0.6103566 0.2312148 0.587565 0.2320193 0.6126686 0.3402081 0.8857526 0.3427221 0.8918272 0.3402077 0.8933681 0.9913783 0.516084 0.9938591 0.4933954 0.9938591 0.5179067 0.2284839 0.6096014 0.2287732 0.5859953 0.2293184 0.6103566 0.2278614 0.5853855 0.2265134 0.6077691 0.2259961 0.5841377 0.1787257 0.6111505 0.1715314 0.6119561 0.1715153 0.6111991 0.342721 0.9143771 0.3402077 0.8933681 0.3427221 0.8918272 0.2289589 0.4533933 0.2304177 0.5191509 0.2283737 0.5195259 0.2212444 0.6110686 0.2011572 0.6139059 0.199854 0.611592 0.3402066 0.91526 0.3427199 0.9368454 0.3402055 0.9370728 0.9914053 0.3492556 0.9938588 0.4206818 0.9913938 0.420648 0.1652293 0.519917 0.1691143 0.5864254 0.1654369 0.586477 0.1856814 0.5892429 0.1749395 0.521497 0.1770689 0.5211755 0.3427196 0.9447205 0.3402055 0.9370728 0.3427199 0.9368454 0.2283737 0.5195259 0.2278614 0.5853855 0.2272289 0.5196965 0.2281907 0.454304 0.2283737 0.5195259 0.2272289 0.5196965 0.9938588 0.4206818 0.9913821 0.4920237 0.9913938 0.420648 0.2272289 0.5196965 0.2259961 0.5841377 0.2254856 0.5197359 0.178481 0.6092814 0.1715153 0.6111991 0.1716385 0.6092544 0.2304177 0.5191509 0.2287732 0.5859953 0.2283737 0.5195259 0.2272289 0.5196965 0.2263635 0.4556191 0.2281907 0.454304 0.2266575 0.4310347 0.2206856 0.4287527 0.2285928 0.4290872 0.3345491 0.9193018 0.3370336 0.8978589 0.3370335 0.9201393 0.1992582 0.4272623 0.1780462 0.4237813 0.2002094 0.4240258 0.2285928 0.4290872 0.2212021 0.4277815 0.2292098 0.4281067 0.3345456 0.9410873 0.3370335 0.9201393 0.3370334 0.9425513 0.1778092 0.4270462 0.1702638 0.4237761 0.1780462 0.4237813 0.1989712 0.4282143 0.2190816 0.4307206 0.1980738 0.4301741 0.179177 0.6142238 0.199854 0.611592 0.2011572 0.6139059 0.2235596 0.6133812 0.2288501 0.6107834 0.2315339 0.6131059 0.1980738 0.4301741 0.1777372 0.4279804 0.1989712 0.4282143 0.1992582 0.4272623 0.2206856 0.4287527 0.1989712 0.4282143 0.1989712 0.4282143 0.1778092 0.4270462 0.1992582 0.4272623 0.339878 0.8852219 0.3427224 0.8839825 0.3402081 0.8857526 0.1700745 0.4530605 0.1685097 0.5198874 0.168143 0.4530392 0.1770689 0.5211755 0.1660704 0.4534618 0.1684713 0.4531041 0.2109407 0.8834372 0.3920864 0.8289937 0.3920864 0.8833019 0.1592386 0.9270083 0.1612471 0.9251626 0.1615107 0.9269458 0.1616812 0.8060049 0.1594144 0.7991903 0.1616703 0.7991278 0.1593888 0.790138 0.1616703 0.7991278 0.1594144 0.7991903 0.1616566 0.7900755 0.1593739 0.7811582 0.1616458 0.7810957 0.1593647 0.7720983 0.1616458 0.7810957 0.1593739 0.7811582 0.5771493 0.8630815 0.5748848 0.8307242 0.5771577 0.8307242 0.5748848 0.8307242 0.5771443 0.806416 0.5771577 0.8307242 0.1616197 0.7533335 0.1593393 0.7439858 0.1616114 0.7439233 0.158841 0.9093775 0.1612471 0.9251626 0.1589751 0.9252251 0.5748713 0.806416 0.5770702 0.7981874 0.5771443 0.806416 0.1593766 0.7369266 0.1616114 0.7439233 0.1593393 0.7439858 0.159412 0.9281809 0.1615107 0.9269458 0.1616839 0.9281184 0.161109 0.9093149 0.1590545 0.8659629 0.1613108 0.8659004 0.1593455 0.8230032 0.1613108 0.8659004 0.1590545 0.8659629 0.1615898 0.8229407 0.1594436 0.8085215 0.1616839 0.808459 0.1594371 0.8060674 0.1616839 0.808459 0.1594436 0.8085215 0.1616366 0.7720358 0.1593559 0.7628054 0.161628 0.7627429 0.1593477 0.753396 0.161628 0.7627429 0.1593559 0.7628054 0.8155573 0.422358 0.8157519 0.4213821 0.8158248 0.4214045 0.8157374 0.4243348 0.8158091 0.4243136 0.816181 0.4252341 0.8161397 0.4204607 0.8166939 0.4196289 0.8167528 0.4196777 0.8155573 0.422358 0.815631 0.4223657 0.8156228 0.4233452 0.8174084 0.4189265 0.8182458 0.4183702 0.8182815 0.4184382 0.8161397 0.4204607 0.8162054 0.4204959 0.8158248 0.4214045 0.8191765 0.4179943 0.8201592 0.4177979 0.8201666 0.4178743 0.8174084 0.4189265 0.8174555 0.4189845 0.8167528 0.4196777 0.8211694 0.4178022 0.8221664 0.4179981 0.8221437 0.4180724 0.8191765 0.4179943 0.8191979 0.418066 0.8182815 0.4184382 0.8231021 0.4183902 0.8239455 0.4189486 0.8238964 0.4190086 0.8211694 0.4178022 0.8211619 0.4178772 0.8201666 0.4178743 0.8246628 0.4196692 0.8252327 0.4205167 0.8251639 0.4205533 0.8231021 0.4183902 0.8230664 0.4184568 0.8221437 0.4180724 0.8256167 0.4214595 0.825814 0.422455 0.8257368 0.4224622 0.8246628 0.4196692 0.8246041 0.4197174 0.8238964 0.4190086 0.8258036 0.4234715 0.8256005 0.4244675 0.8255264 0.4244441 0.8256167 0.4214595 0.8255442 0.4214812 0.8251639 0.4205533 0.8251953 0.425397 0.8246234 0.4262309 0.8245646 0.4261808 0.8258036 0.4234715 0.8257284 0.4234635 0.8257368 0.4224622 0.8238937 0.426927 0.8230488 0.4274737 0.8230138 0.4274051 0.8251953 0.425397 0.8251293 0.4253605 0.8255264 0.4244441 0.8221107 0.4278359 0.8211221 0.4280183 0.8211158 0.4279417 0.8238937 0.426927 0.8238473 0.426868 0.8245646 0.4261808 0.8201185 0.427999 0.8191323 0.427793 0.8191555 0.4277195 0.8221107 0.4278359 0.8220903 0.4277639 0.8230138 0.4274051 0.8182036 0.4273921 0.8173695 0.4268264 0.8174189 0.4267674 0.8201185 0.427999 0.8201269 0.4279245 0.8211158 0.4279417 0.8167271 0.4260613 0.816181 0.4252341 0.8164494 0.4250927 0.8182036 0.4273921 0.8182398 0.4273261 0.8191555 0.4277195 0.8181314 0.4221122 0.8180354 0.4226104 0.8175855 0.4225636 0.8181402 0.4236187 0.8183393 0.4240908 0.8179293 0.4243073 0.8182664 0.4209375 0.8186172 0.421225 0.8183317 0.4216439 0.8180354 0.4226104 0.8180376 0.4231187 0.8175833 0.4231603 0.8191947 0.4201903 0.8194091 0.4205952 0.8189809 0.4208713 0.8179337 0.4214311 0.8183317 0.4216439 0.8181314 0.4221122 0.8203493 0.4198561 0.820392 0.4203187 0.8198859 0.4204095 0.8186925 0.4205184 0.8189809 0.4208713 0.8186172 0.421225 0.8215549 0.419983 0.8214194 0.4204326 0.8209103 0.4203258 0.8197543 0.4199671 0.8198859 0.4204095 0.8194091 0.4205952 0.8223383 0.4209131 0.8218988 0.420638 0.8221209 0.4202166 0.8209565 0.4198616 0.8209103 0.4203258 0.820392 0.4203187 0.8233963 0.4214922 0.8229882 0.4217146 0.8227013 0.4212829 0.8221209 0.4202166 0.8218988 0.420638 0.8214194 0.4204326 0.8237498 0.4226515 0.823284 0.4227004 0.823185 0.422193 0.8230573 0.4209873 0.8227013 0.4212829 0.8223383 0.4209131 0.8231863 0.4237114 0.8232843 0.423213 0.8237535 0.4232594 0.8236297 0.4220542 0.823185 0.422193 0.8229882 0.4217146 0.8227038 0.424602 0.8229897 0.4241812 0.8233911 0.4244054 0.8237535 0.4232594 0.8232843 0.423213 0.823284 0.4227004 0.8219091 0.4252349 0.8223385 0.4249569 0.8226185 0.425316 0.8229897 0.4241812 0.8231863 0.4237114 0.8236288 0.4238513 0.820928 0.4255002 0.821434 0.4254103 0.8215557 0.4258614 0.8223385 0.4249569 0.8227038 0.424602 0.8230504 0.4249002 0.8199018 0.425375 0.8204108 0.4254878 0.8203513 0.4259495 0.8215557 0.4258614 0.821434 0.4254103 0.8219091 0.4252349 0.8226824 0.4204905 0.8221637 0.4201369 0.822212 0.4200473 0.8203287 0.4261391 0.8203406 0.4260387 0.8209658 0.4260519 0.8189876 0.4248912 0.81942 0.425175 0.8191971 0.4255809 0.8204108 0.4254878 0.820928 0.4255002 0.8209592 0.4259634 0.8183393 0.4240908 0.81863 0.4245153 0.8182642 0.4248128 0.81942 0.425175 0.8199018 0.425375 0.8197565 0.4258198 0.8186397 0.4253079 0.8191542 0.4256595 0.8191058 0.425748 0.822212 0.4200473 0.8221637 0.4201369 0.8215808 0.4198979 0.8178519 0.4243483 0.818195 0.4248694 0.818117 0.4249332 0.8191058 0.425748 0.8191542 0.4256595 0.8197297 0.4259037 0.8234743 0.4214505 0.8231269 0.4209302 0.8232051 0.4208658 0.818117 0.4249332 0.818195 0.4248694 0.8186397 0.4253079 0.817497 0.4231686 0.8176144 0.4237747 0.8175187 0.4238035 0.8232051 0.4208658 0.8231269 0.4209302 0.8226824 0.4204905 0.8238386 0.4226431 0.8237161 0.4220283 0.8238132 0.4219989 0.8175187 0.4238035 0.8176144 0.4237747 0.8178519 0.4243483 0.8176233 0.4219553 0.817498 0.4225545 0.8173996 0.4225442 0.8238132 0.4219989 0.8237161 0.4220283 0.8234743 0.4214505 0.8237122 0.4238777 0.8238415 0.4232686 0.8239418 0.4232791 0.8173996 0.4225442 0.817498 0.4225545 0.817497 0.4231686 0.8182001 0.4208824 0.8178572 0.4213898 0.8177703 0.4213429 0.8239418 0.4232791 0.8238415 0.4232686 0.8238386 0.4226431 0.8231167 0.4249565 0.823469 0.4244483 0.8235567 0.4244967 0.8177703 0.4213429 0.8178572 0.4213898 0.8176233 0.4219553 0.8191545 0.4201133 0.8186373 0.4204496 0.818575 0.4203721 0.8235567 0.4244967 0.823469 0.4244483 0.8237122 0.4238777 0.8221526 0.4257156 0.8226733 0.4253855 0.8227351 0.4254639 0.818575 0.4203721 0.8186373 0.4204496 0.8182001 0.4208824 0.8203403 0.4197686 0.8197289 0.4198818 0.8197005 0.4197856 0.8227351 0.4254639 0.8226733 0.4253855 0.8231167 0.4249565 0.8209658 0.4260519 0.8215795 0.4259462 0.8216067 0.4260426 0.8197005 0.4197856 0.8197289 0.4198818 0.8191545 0.4201133 0.8215808 0.4198979 0.8209656 0.4197717 0.8209758 0.4196708 0.8216067 0.4260426 0.8215795 0.4259462 0.8221526 0.4257156 0.8179293 0.4243073 0.8182642 0.4248128 0.818195 0.4248694 0.8209758 0.4196708 0.8209656 0.4197717 0.8203403 0.4197686 0.8182642 0.4248128 0.81863 0.4245153 0.8189876 0.4248912 0.8173695 0.4268264 0.8172118 0.4270139 0.8164758 0.4262667 0.8167271 0.4260613 0.8169624 0.4258711 0.8176138 0.4265349 0.8158091 0.4243136 0.8156228 0.4233452 0.8159225 0.423318 0.8164494 0.4250927 0.816181 0.4252341 0.8158091 0.4243136 0.815631 0.4223657 0.8158248 0.4214045 0.8161123 0.4214924 0.8159225 0.423318 0.8156228 0.4233452 0.815631 0.4223657 0.8162054 0.4204959 0.8167528 0.4196777 0.8169853 0.4198701 0.8161123 0.4214924 0.8158248 0.4214045 0.8162054 0.4204959 0.8174555 0.4189845 0.8182815 0.4184382 0.8184221 0.4187061 0.8169853 0.4198701 0.8167528 0.4196777 0.8174555 0.4189845 0.8191979 0.418066 0.8201666 0.4178743 0.8201957 0.4181766 0.8184221 0.4187061 0.8182815 0.4184382 0.8191979 0.418066 0.8211619 0.4178772 0.8221437 0.4180724 0.8220542 0.4183649 0.8201957 0.4181766 0.8201666 0.4178743 0.8211619 0.4178772 0.8230664 0.4184568 0.8238964 0.4190086 0.8237026 0.4192454 0.8220542 0.4183649 0.8221437 0.4180724 0.8230664 0.4184568 0.8246041 0.4197174 0.8251639 0.4205533 0.8248927 0.4206975 0.8237026 0.4192454 0.8238964 0.4190086 0.8246041 0.4197174 0.8255442 0.4214812 0.8257368 0.4224622 0.8254319 0.422491 0.8248927 0.4206975 0.8251639 0.4205533 0.8255442 0.4214812 0.8257284 0.4234635 0.8255264 0.4244441 0.8252347 0.4243521 0.8254319 0.422491 0.8257368 0.4224622 0.8257284 0.4234635 0.8251293 0.4253605 0.8245646 0.4261808 0.8243325 0.4259837 0.8252347 0.4243521 0.8255264 0.4244441 0.8251293 0.4253605 0.8238473 0.426868 0.8230138 0.4274051 0.822876 0.4271348 0.8243325 0.4259837 0.8245646 0.4261808 0.8238473 0.426868 0.8220903 0.4277639 0.8211158 0.4279417 0.8210914 0.4276397 0.822876 0.4271348 0.8230138 0.4274051 0.8220903 0.4277639 0.8201269 0.4279245 0.8191555 0.4277195 0.8192473 0.4274293 0.8210914 0.4276397 0.8211158 0.4279417 0.8201269 0.4279245 0.8182398 0.4273261 0.8174189 0.4267674 0.8176138 0.4265349 0.8192473 0.4274293 0.8191555 0.4277195 0.8182398 0.4273261 0.8169624 0.4258711 0.818117 0.4249332 0.8185743 0.4253872 0.8160988 0.424228 0.8159225 0.423318 0.8173962 0.4231781 0.8160988 0.424228 0.8175187 0.4238035 0.8177615 0.4243963 0.8159293 0.4223963 0.8161123 0.4214924 0.817527 0.4219254 0.8159293 0.4223963 0.8173996 0.4225442 0.8173962 0.4231781 0.8164702 0.4206386 0.8169853 0.4198701 0.8181225 0.4208179 0.8164702 0.4206386 0.8177703 0.4213429 0.817527 0.4219254 0.8176458 0.4192191 0.8184221 0.4187061 0.8191075 0.4200232 0.8176458 0.4192191 0.818575 0.4203721 0.8181225 0.4208179 0.8192842 0.4183557 0.8201957 0.4181766 0.8203301 0.4196664 0.8192842 0.4183557 0.8197005 0.4197856 0.8191075 0.4200232 0.8211316 0.4181805 0.8220542 0.4183649 0.8216111 0.4197986 0.8211316 0.4181805 0.8209758 0.4196708 0.8203301 0.4196664 0.8229225 0.4187258 0.8237026 0.4192454 0.8227484 0.4204106 0.8229225 0.4187258 0.822212 0.4200473 0.8216111 0.4197986 0.8243673 0.4199118 0.8248927 0.4206975 0.8235654 0.4214019 0.8243673 0.4199118 0.8232051 0.4208658 0.8227484 0.4204106 0.825251 0.4215689 0.8254319 0.422491 0.8239413 0.4226332 0.825251 0.4215689 0.8238132 0.4219989 0.8235654 0.4214019 0.8254246 0.4234314 0.8252347 0.4243521 0.8238098 0.4239086 0.8254246 0.4234314 0.8239418 0.4232791 0.8239413 0.4226332 0.8248629 0.4252132 0.8243325 0.4259837 0.8231943 0.4250223 0.8248629 0.4252132 0.8235567 0.4244967 0.8238098 0.4239086 0.8236594 0.4266303 0.822876 0.4271348 0.8221991 0.4258061 0.8236594 0.4266303 0.8227351 0.4254639 0.8231943 0.4250223 0.8220083 0.4274728 0.8210914 0.4276397 0.8209734 0.4261543 0.8220083 0.4274728 0.8216067 0.4260426 0.8221991 0.4258061 0.8201608 0.4276236 0.8192473 0.4274293 0.8196983 0.4260019 0.8201608 0.4276236 0.8203287 0.4261391 0.8209734 0.4261543 0.818386 0.4270598 0.8176138 0.4265349 0.8185743 0.4253872 0.8169624 0.4258711 0.8164494 0.4250927 0.8177615 0.4243963 0.8196983 0.4260019 0.8192473 0.4274293 0.818386 0.4270598 0.8197297 0.4259037 0.8203406 0.4260387 0.8203287 0.4261391 0.8158918 0.4253883 0.8161129 0.4252699 0.8166688 0.4261084 0.8154921 0.4244066 0.8157374 0.4243348 0.8161129 0.4252699 0.8174189 0.4267674 0.8173695 0.4268264 0.8166688 0.4261084 0.8157374 0.4243348 0.8155468 0.423352 0.8156228 0.4233452 0.8155468 0.423352 0.8157374 0.4243348 0.8154921 0.4244066 0.8153113 0.4223343 0.8155573 0.422358 0.8155468 0.423352 0.8155138 0.4213111 0.8157519 0.4213821 0.8155573 0.422358 0.8159159 0.42034 0.8161397 0.4204607 0.8157519 0.4213821 0.8166939 0.4196289 0.8161397 0.4204607 0.8159159 0.42034 0.8172473 0.4187284 0.8174084 0.4189265 0.8166939 0.4196289 0.8182458 0.4183702 0.8174084 0.4189265 0.8172473 0.4187284 0.8181309 0.4181478 0.8191069 0.417755 0.8191765 0.4179943 0.8201592 0.4177979 0.8191765 0.4179943 0.8191069 0.417755 0.8211945 0.4175456 0.8211694 0.4178022 0.8201592 0.4177979 0.8221664 0.4179981 0.8211694 0.4178022 0.8211945 0.4175456 0.8222421 0.4177567 0.8232225 0.418169 0.8231021 0.4183902 0.8239455 0.4189486 0.8231021 0.4183902 0.8232225 0.418169 0.8248629 0.4195041 0.8246628 0.4196692 0.8239455 0.4189486 0.8252327 0.4205167 0.8246628 0.4196692 0.8248629 0.4195041 0.8254579 0.420399 0.8258593 0.4213889 0.8256167 0.4214595 0.825814 0.422455 0.8256167 0.4214595 0.8258593 0.4213889 0.8260607 0.4234988 0.8258036 0.4234715 0.825814 0.422455 0.8256005 0.4244675 0.8258036 0.4234715 0.8260607 0.4234988 0.8254204 0.4255217 0.8251953 0.425397 0.8256005 0.4244675 0.8246234 0.4262309 0.8251953 0.425397 0.8254204 0.4255217 0.8240523 0.4271279 0.8238937 0.426927 0.8246234 0.4262309 0.8230488 0.4274737 0.8238937 0.426927 0.8240523 0.4271279 0.8221802 0.4280816 0.8221107 0.4278359 0.8230488 0.4274737 0.8211221 0.4280183 0.8221107 0.4278359 0.8221802 0.4280816 0.8200924 0.4282476 0.8201185 0.427999 0.8211221 0.4280183 0.8190583 0.4280334 0.8191323 0.427793 0.8201185 0.427999 0.8191323 0.427793 0.8190583 0.4280334 0.8180797 0.427617 0.8180797 0.427617 0.8172118 0.4270139 0.8173695 0.4268264 0.8166688 0.4261084 0.8161129 0.4252699 0.816181 0.4252341 0.8175833 0.4231603 0.8176994 0.4237492 0.8176144 0.4237747 0.818195 0.4248694 0.8182642 0.4248128 0.8186959 0.4252401 0.8177065 0.4219809 0.8175855 0.4225636 0.817498 0.4225545 0.8176144 0.4237747 0.8176994 0.4237492 0.8179293 0.4243073 0.8182664 0.4209375 0.8179337 0.4214311 0.8178572 0.4213898 0.817498 0.4225545 0.8175855 0.4225636 0.8175833 0.4231603 0.8191947 0.4201903 0.8186925 0.4205184 0.8186373 0.4204496 0.8179337 0.4214311 0.8177065 0.4219809 0.8176233 0.4219553 0.8203493 0.4198561 0.8197543 0.4199671 0.8197289 0.4198818 0.8186373 0.4204496 0.8186925 0.4205184 0.8182664 0.4209375 0.8215549 0.419983 0.8209565 0.4198616 0.8209656 0.4197717 0.8197289 0.4198818 0.8197543 0.4199671 0.8191947 0.4201903 0.822626 0.4205591 0.8221209 0.4202166 0.8221637 0.4201369 0.8209656 0.4197717 0.8209565 0.4198616 0.8203493 0.4198561 0.8233963 0.4214922 0.8230573 0.4209873 0.8231269 0.4209302 0.8221637 0.4201369 0.8221209 0.4202166 0.8215549 0.419983 0.8237498 0.4226515 0.8236297 0.4220542 0.8237161 0.4220283 0.8231269 0.4209302 0.8230573 0.4209873 0.822626 0.4205591 0.8236288 0.4238513 0.8237535 0.4232594 0.8238415 0.4232686 0.8237161 0.4220283 0.8236297 0.4220542 0.8233963 0.4214922 0.8230504 0.4249002 0.8233911 0.4244054 0.823469 0.4244483 0.8237535 0.4232594 0.8237498 0.4226515 0.8238386 0.4226431 0.822113 0.425638 0.8226185 0.425316 0.8226733 0.4253855 0.823469 0.4244483 0.8233911 0.4244054 0.8236288 0.4238513 0.8209658 0.4260519 0.8209592 0.4259634 0.8215557 0.4258614 0.8226733 0.4253855 0.8226185 0.425316 0.8230504 0.4249002 0.8197565 0.4258198 0.8203513 0.4259495 0.8203406 0.4260387 0.8215795 0.4259462 0.8215557 0.4258614 0.822113 0.425638 0.8186959 0.4252401 0.8191971 0.4255809 0.8191542 0.4256595 0.8203406 0.4260387 0.8203513 0.4259495 0.8209592 0.4259634 0.8180376 0.4231187 0.8181402 0.4236187 0.8176994 0.4237492 0.8191542 0.4256595 0.8191971 0.4255809 0.8197565 0.4258198 0.8319624 0.4178025 0.8329492 0.4180047 0.8329261 0.4180783 0.8299678 0.4179833 0.8299894 0.4180555 0.8290651 0.4184328 0.8338785 0.4184046 0.8347128 0.418973 0.8346629 0.4190319 0.8319624 0.4178025 0.8319544 0.4178771 0.8309652 0.4178668 0.835412 0.4196996 0.8359621 0.4205455 0.8358938 0.4205808 0.8338785 0.4184046 0.8338423 0.4184707 0.8329261 0.4180783 0.8363303 0.42148 0.8365191 0.4224642 0.8364425 0.422471 0.835412 0.4196996 0.8353531 0.4197463 0.8346629 0.4190319 0.8365073 0.4234722 0.836305 0.4244649 0.8362314 0.4244419 0.8363303 0.42148 0.8362585 0.4215008 0.8358938 0.4205808 0.8359084 0.4253933 0.8353481 0.4262278 0.8352889 0.4261787 0.8365073 0.4234722 0.8364325 0.4234641 0.8364425 0.422471 0.8346297 0.4269348 0.8337886 0.4274951 0.8337526 0.427427 0.8359084 0.4253933 0.8358424 0.4253575 0.8362314 0.4244419 0.8328565 0.4278719 0.8318747 0.428066 0.8318675 0.4279899 0.8346297 0.4269348 0.8345822 0.4268764 0.8352889 0.4261787 0.8308729 0.4280577 0.8298903 0.4278626 0.829913 0.4277893 0.8328565 0.4278719 0.8328351 0.4278002 0.8337526 0.427427 0.8289681 0.42747 0.8281333 0.4269113 0.8281825 0.4268521 0.8308729 0.4280577 0.8308805 0.4279835 0.8318675 0.4279899 0.8274292 0.4261908 0.8268709 0.4253486 0.8269395 0.4253128 0.8289681 0.42747 0.8290036 0.4274044 0.829913 0.4277893 0.8264974 0.4244074 0.8263062 0.4234131 0.8263832 0.4234063 0.8274292 0.4261908 0.8274875 0.4261437 0.8281825 0.4268521 0.8263188 0.422403 0.8265189 0.4214107 0.8265928 0.4214336 0.8264974 0.4244074 0.8265697 0.4243863 0.8269395 0.4253128 0.8269144 0.420476 0.8274753 0.4196354 0.8275347 0.4196844 0.8263188 0.422403 0.8263936 0.422411 0.8263832 0.4234063 0.8282378 0.4189858 0.8290651 0.4184328 0.8292082 0.4187017 0.8269144 0.420476 0.8269808 0.4205118 0.8265928 0.4214336 0.8321878 0.4204059 0.8316895 0.4202992 0.8317442 0.4198445 0.8306829 0.4203927 0.8302136 0.4205884 0.829998 0.4201807 0.8330834 0.4208992 0.8326596 0.4206087 0.832886 0.420208 0.8316895 0.4202992 0.8311815 0.4202944 0.8311442 0.4198384 0.8337287 0.4216958 0.8334432 0.4212669 0.8338021 0.4209831 0.8326596 0.4206087 0.8321878 0.4204059 0.8323323 0.4199693 0.8344621 0.4226434 0.8340014 0.4226854 0.833911 0.4221767 0.8334432 0.4212669 0.8330834 0.4208992 0.833383 0.4205507 0.8343315 0.423847 0.8338841 0.4237103 0.8339926 0.4232031 0.8343517 0.4220491 0.833911 0.4221767 0.8337287 0.4216958 0.8334017 0.4246239 0.8336774 0.4241872 0.8340961 0.4244098 0.8344551 0.4232505 0.8339926 0.4232031 0.8340014 0.4226854 0.8328237 0.4256753 0.8326011 0.42527 0.8330321 0.4249845 0.8340961 0.4244098 0.8336774 0.4241872 0.8338841 0.4237103 0.8316778 0.4260277 0.8316286 0.4255713 0.8321282 0.4254695 0.8333257 0.4253389 0.8330321 0.4249845 0.8334017 0.4246239 0.8306284 0.4254719 0.8311229 0.425571 0.8310785 0.4260297 0.8322675 0.4259081 0.8321282 0.4254695 0.8326011 0.42527 0.8294523 0.4253361 0.8297443 0.4249849 0.8301615 0.4252728 0.8310785 0.4260297 0.8311229 0.425571 0.8316286 0.4255713 0.8287047 0.4243992 0.829118 0.4241859 0.8293917 0.4246174 0.8299463 0.4256722 0.8301615 0.4252728 0.8306284 0.4254719 0.8288424 0.4231963 0.8289381 0.4237066 0.8284792 0.423835 0.8290333 0.424906 0.8293917 0.4246174 0.8297443 0.4249849 0.828958 0.4221597 0.8288498 0.4226744 0.8283832 0.4226194 0.8284792 0.423835 0.8289381 0.4237066 0.829118 0.4241859 0.8338208 0.4249673 0.8341749 0.4244526 0.8342638 0.4245007 0.8281921 0.4225983 0.8282933 0.4226095 0.8282844 0.4232395 0.8294292 0.4212401 0.8291503 0.4216745 0.8287408 0.4214562 0.8288498 0.4226744 0.8288424 0.4231963 0.8283737 0.4232323 0.8302136 0.4205884 0.8297944 0.4208754 0.8294964 0.4205162 0.8291503 0.4216745 0.828958 0.4221597 0.8285079 0.4220198 0.8290071 0.4208961 0.8286615 0.4214143 0.8285724 0.4213668 0.8342638 0.4245007 0.8341749 0.4244526 0.8344159 0.4238733 0.8299569 0.4201036 0.8294394 0.4204477 0.8293751 0.4203704 0.8285724 0.4213668 0.8286615 0.4214143 0.8284232 0.4219937 0.8328652 0.4257524 0.8333824 0.425408 0.833446 0.4254855 0.8293751 0.4203704 0.8294394 0.4204477 0.8290071 0.4208961 0.8311364 0.4197517 0.8305293 0.419867 0.8305006 0.4197711 0.833446 0.4254855 0.8333824 0.425408 0.8338208 0.4249673 0.8316866 0.4261152 0.8322936 0.4259932 0.832323 0.4260889 0.8305006 0.4197711 0.8305293 0.419867 0.8299569 0.4201036 0.8323588 0.4198861 0.8317539 0.4197563 0.8317648 0.4196569 0.832323 0.4260889 0.8322936 0.4259932 0.8328652 0.4257524 0.8304698 0.425986 0.8310695 0.4261165 0.8310591 0.4262154 0.8317648 0.4196569 0.8317539 0.4197563 0.8311364 0.4197517 0.8334394 0.420484 0.8329292 0.4201301 0.8329778 0.4200423 0.8310591 0.4262154 0.8310695 0.4261165 0.8316866 0.4261152 0.8293965 0.4254026 0.8299041 0.4257496 0.8298566 0.4258369 0.8329778 0.4200423 0.8329292 0.4201301 0.8323588 0.4198861 0.8342053 0.4214495 0.833871 0.4209283 0.8339494 0.4208661 0.8298566 0.4258369 0.8299041 0.4257496 0.8304698 0.425986 0.8286266 0.4244394 0.8289636 0.4249615 0.8288854 0.4250241 0.8339494 0.4208661 0.833871 0.4209283 0.8334394 0.420484 0.8345496 0.4226359 0.8344374 0.4220243 0.8345337 0.4219964 0.8288854 0.4250241 0.8289636 0.4249615 0.8293965 0.4254026 0.8282844 0.4232395 0.8283936 0.4238594 0.8282961 0.4238871 0.8345337 0.4219964 0.8344374 0.4220243 0.8342053 0.4214495 0.8344159 0.4238733 0.8345444 0.4232602 0.8346449 0.4232711 0.8282961 0.4238871 0.8283936 0.4238594 0.8286266 0.4244394 0.829998 0.4201807 0.8294964 0.4205162 0.8294394 0.4204477 0.8346449 0.4232711 0.8345444 0.4232602 0.8345496 0.4226359 0.8294964 0.4205162 0.8297944 0.4208754 0.8294292 0.4212401 0.8274753 0.4196354 0.8272861 0.4194786 0.82803 0.418735 0.8282378 0.4189858 0.82843 0.4192207 0.8277695 0.4198781 0.8299894 0.4180555 0.8309652 0.4178668 0.8309924 0.4181691 0.8292082 0.4187017 0.8290651 0.4184328 0.8299894 0.4180555 0.8319544 0.4178771 0.8329261 0.4180783 0.8328354 0.4183685 0.8309924 0.4181691 0.8309652 0.4178668 0.8319544 0.4178771 0.8338423 0.4184707 0.8346629 0.4190319 0.8344668 0.4192644 0.8328354 0.4183685 0.8329261 0.4180783 0.8338423 0.4184707 0.8353531 0.4197463 0.8358938 0.4205808 0.8356239 0.4207195 0.8344668 0.4192644 0.8346629 0.4190319 0.8353531 0.4197463 0.8362585 0.4215008 0.8364425 0.422471 0.8361405 0.4224981 0.8356239 0.4207195 0.8358938 0.4205808 0.8362585 0.4215008 0.8364325 0.4234641 0.8362314 0.4244419 0.8359405 0.4243509 0.8361405 0.4224981 0.8364425 0.422471 0.8364325 0.4234641 0.8358424 0.4253575 0.8352889 0.4261787 0.8350548 0.425985 0.8359405 0.4243509 0.8362314 0.4244419 0.8358424 0.4253575 0.8345822 0.4268764 0.8337526 0.427427 0.8336109 0.4271585 0.8350548 0.425985 0.8352889 0.4261787 0.8345822 0.4268764 0.8328351 0.4278002 0.8318675 0.4279899 0.831839 0.4276892 0.8336109 0.4271585 0.8337526 0.427427 0.8328351 0.4278002 0.8308805 0.4279835 0.829913 0.4277893 0.8300021 0.4275005 0.831839 0.4276892 0.8318675 0.4279899 0.8308805 0.4279835 0.8290036 0.4274044 0.8281825 0.4268521 0.8283765 0.4266189 0.8300021 0.4275005 0.829913 0.4277893 0.8290036 0.4274044 0.8274875 0.4261437 0.8269395 0.4253128 0.8272099 0.4251717 0.8283765 0.4266189 0.8281825 0.4268521 0.8274875 0.4261437 0.8265697 0.4243863 0.8263832 0.4234063 0.8266871 0.4233794 0.8272099 0.4251717 0.8269395 0.4253128 0.8265697 0.4243863 0.8263936 0.422411 0.8265928 0.4214336 0.8268849 0.4215235 0.8266871 0.4233794 0.8263832 0.4234063 0.8263936 0.422411 0.8269808 0.4205118 0.8275347 0.4196844 0.8277695 0.4198781 0.8268849 0.4215235 0.8265928 0.4214336 0.8269808 0.4205118 0.82843 0.4192207 0.8293751 0.4203704 0.8289271 0.4208316 0.8300759 0.418347 0.8309924 0.4181691 0.8311272 0.4196503 0.8300759 0.418347 0.8305006 0.4197711 0.8299087 0.4200134 0.8319221 0.4181783 0.8328354 0.4183685 0.8323898 0.4197888 0.8319221 0.4181783 0.8317648 0.4196569 0.8311272 0.4196503 0.8336958 0.4187371 0.8344668 0.4192644 0.8335054 0.4204061 0.8336958 0.4187371 0.8329778 0.4200423 0.8323898 0.4197888 0.8351157 0.4199355 0.8356239 0.4207195 0.8342961 0.4214026 0.8351157 0.4199355 0.8339494 0.4208661 0.8335054 0.4204061 0.8359679 0.4215847 0.8361405 0.4224981 0.8346518 0.422627 0.8359679 0.4215847 0.8345337 0.4219964 0.8342961 0.4214026 0.8361303 0.4234319 0.8359405 0.4243509 0.8345144 0.4239039 0.8361303 0.4234319 0.8346449 0.4232711 0.8346518 0.422627 0.8355758 0.4252126 0.8350548 0.425985 0.8338999 0.4250329 0.8355758 0.4252126 0.8342638 0.4245007 0.8345144 0.4239039 0.8343905 0.4266409 0.8336109 0.4271585 0.8329135 0.4258425 0.8343905 0.4266409 0.833446 0.4254855 0.8338999 0.4250329 0.832749 0.4275108 0.831839 0.4276892 0.8316967 0.4262164 0.832749 0.4275108 0.832323 0.4260889 0.8329135 0.4258425 0.830911 0.4276838 0.8300021 0.4275005 0.8304395 0.4260826 0.830911 0.4276838 0.8310591 0.4262154 0.8316967 0.4262164 0.8291475 0.4271391 0.8283765 0.4266189 0.8293312 0.4254804 0.8291475 0.4271391 0.8298566 0.4258369 0.8304395 0.4260826 0.8277238 0.4259533 0.8272099 0.4251717 0.8285354 0.4244866 0.8277238 0.4259533 0.8288854 0.4250241 0.8293312 0.4254804 0.8268619 0.424301 0.8266871 0.4233794 0.8281812 0.4232479 0.8268619 0.424301 0.8282961 0.4238871 0.8285354 0.4244866 0.8266966 0.4224429 0.8268849 0.4215235 0.8283243 0.4219633 0.8266966 0.4224429 0.8281921 0.4225983 0.8281812 0.4232479 0.8272491 0.4206565 0.8277695 0.4198781 0.8289271 0.4208316 0.82843 0.4192207 0.8292082 0.4187017 0.8299087 0.4200134 0.8283243 0.4219633 0.8268849 0.4215235 0.8272491 0.4206565 0.8284232 0.4219937 0.8282933 0.4226095 0.8281921 0.4225983 0.8289086 0.4181429 0.8290288 0.4183647 0.8281902 0.4189276 0.8298948 0.4177364 0.8299678 0.4179833 0.8290288 0.4183647 0.8275347 0.4196844 0.8274753 0.4196354 0.8281902 0.4189276 0.8299678 0.4179833 0.8309583 0.4177902 0.8309652 0.4178668 0.8309583 0.4177902 0.8299678 0.4179833 0.8298948 0.4177364 0.8319872 0.4175537 0.8319624 0.4178025 0.8309583 0.4177902 0.8330227 0.417764 0.8329492 0.4180047 0.8319624 0.4178025 0.8340027 0.4181794 0.8338785 0.4184046 0.8329492 0.4180047 0.8347128 0.418973 0.8338785 0.4184046 0.8340027 0.4181794 0.8356127 0.4195396 0.835412 0.4196996 0.8347128 0.418973 0.8359621 0.4205455 0.835412 0.4196996 0.8356127 0.4195396 0.836186 0.4204324 0.8365702 0.4214123 0.8363303 0.42148 0.8365191 0.4224642 0.8363303 0.42148 0.8365702 0.4214123 0.836763 0.423499 0.8365073 0.4234722 0.8365191 0.4224642 0.836305 0.4244649 0.8365073 0.4234722 0.836763 0.423499 0.836545 0.4245419 0.8361275 0.4255145 0.8359084 0.4253933 0.8353481 0.4262278 0.8359084 0.4253933 0.8361275 0.4255145 0.834792 0.4271338 0.8346297 0.4269348 0.8353481 0.4262278 0.8337886 0.4274951 0.8346297 0.4269348 0.834792 0.4271338 0.8339041 0.4277182 0.8329257 0.4281114 0.8328565 0.4278719 0.8318747 0.428066 0.8328565 0.4278719 0.8329257 0.4281114 0.8308469 0.4283108 0.8308729 0.4280577 0.8318747 0.428066 0.8298903 0.4278626 0.8308729 0.4280577 0.8308469 0.4283108 0.8288468 0.4276942 0.8289681 0.42747 0.8298903 0.4278626 0.8281333 0.4269113 0.8289681 0.42747 0.8288468 0.4276942 0.8272297 0.426352 0.8274292 0.4261908 0.8281333 0.4269113 0.8268709 0.4253486 0.8274292 0.4261908 0.8272297 0.426352 0.8262504 0.4244794 0.8264974 0.4244074 0.8268709 0.4253486 0.8263062 0.4234131 0.8264974 0.4244074 0.8262504 0.4244794 0.8260686 0.4223786 0.8263188 0.422403 0.8263062 0.4234131 0.8262771 0.4213382 0.8265189 0.4214107 0.8263188 0.422403 0.8265189 0.4214107 0.8262771 0.4213382 0.8266878 0.4203533 0.8266878 0.4203533 0.8272861 0.4194786 0.8274753 0.4196354 0.8281902 0.4189276 0.8290288 0.4183647 0.8290651 0.4184328 0.8311442 0.4198384 0.8305547 0.4199521 0.8305293 0.419867 0.8294394 0.4204477 0.8294964 0.4205162 0.8290756 0.4209514 0.8323323 0.4199693 0.8317442 0.4198445 0.8317539 0.4197563 0.8305293 0.419867 0.8305547 0.4199521 0.829998 0.4201807 0.833383 0.4205507 0.832886 0.420208 0.8329292 0.4201301 0.8317539 0.4197563 0.8317442 0.4198445 0.8311442 0.4198384 0.8342053 0.4214495 0.8341269 0.4214898 0.8338021 0.4209831 0.8329292 0.4201301 0.832886 0.420208 0.8323323 0.4199693 0.8344621 0.4226434 0.8343517 0.4220491 0.8344374 0.4220243 0.833871 0.4209283 0.8338021 0.4209831 0.833383 0.4205507 0.8343315 0.423847 0.8344551 0.4232505 0.8345444 0.4232602 0.8344374 0.4220243 0.8343517 0.4220491 0.8341269 0.4214898 0.833753 0.4249112 0.8340961 0.4244098 0.8341749 0.4244526 0.8345444 0.4232602 0.8344551 0.4232505 0.8344621 0.4226434 0.8328237 0.4256753 0.8333257 0.4253389 0.8333824 0.425408 0.8341749 0.4244526 0.8340961 0.4244098 0.8343315 0.423847 0.8316778 0.4260277 0.8322675 0.4259081 0.8322936 0.4259932 0.8333824 0.425408 0.8333257 0.4253389 0.833753 0.4249112 0.8304957 0.4259032 0.8310785 0.4260297 0.8310695 0.4261165 0.8322936 0.4259932 0.8322675 0.4259081 0.8328237 0.4256753 0.8294523 0.4253361 0.8299463 0.4256722 0.8299041 0.4257496 0.8310785 0.4260297 0.8316778 0.4260277 0.8316866 0.4261152 0.8287047 0.4243992 0.8290333 0.424906 0.8289636 0.4249615 0.8299041 0.4257496 0.8299463 0.4256722 0.8304957 0.4259032 0.8282844 0.4232395 0.8283737 0.4232323 0.8284792 0.423835 0.8289636 0.4249615 0.8290333 0.424906 0.8294523 0.4253361 0.8285079 0.4220198 0.8283832 0.4226194 0.8282933 0.4226095 0.8283936 0.4238594 0.8284792 0.423835 0.8287047 0.4243992 0.8290756 0.4209514 0.8287408 0.4214562 0.8286615 0.4214143 0.8282933 0.4226095 0.8283832 0.4226194 0.8283737 0.4232323 0.8311815 0.4202944 0.8306829 0.4203927 0.8305547 0.4199521 0.8286615 0.4214143 0.8287408 0.4214562 0.8285079 0.4220198 0.2292098 0.4281067 0.2312292 0.4248914 0.2320193 0.4254296 0.1650409 0.6116404 0.166019 0.6112529 0.1661231 0.6119972 0.1655278 0.4279264 0.1688542 0.4279588 0.1684361 0.4297707 0.1777372 0.4279804 0.170225 0.4279774 0.1702625 0.4270507 0.1690961 0.427048 0.1655173 0.4270207 0.1655578 0.4238151 0.1715153 0.6111991 0.1715314 0.6119561 0.1702321 0.6119619 0.1661231 0.6119972 0.1660997 0.6143143 0.1651195 0.6139495 0.3345443 0.9488549 0.3345456 0.9410873 0.3370334 0.9425513 0.6867835 0.4299775 0.6851735 0.4286076 0.6851454 0.4256686 0.1716385 0.6092544 0.1715153 0.6111991 0.1701328 0.6112125 0.1655327 0.4297714 0.1629127 0.4293066 0.1641409 0.4273616 0.170225 0.4279774 0.1777372 0.4279804 0.1775069 0.4299234 0.1788315 0.6119083 0.179177 0.6142238 0.1715394 0.6142767 0.2205389 0.6103124 0.2189114 0.608438 0.2260738 0.608178 0.2285928 0.4290872 0.2292098 0.4281067 0.2299759 0.4286305 0.2293184 0.6103566 0.2320193 0.6126686 0.2315339 0.6131059 0.2281907 0.454304 0.2263635 0.4556191 0.2273836 0.4315348 0.3341745 0.9496675 0.3345443 0.9488549 0.3370336 0.9505423 0.4591566 0.4290326 0.4592101 0.4267425 0.4607717 0.4253979 0.3345525 0.8976439 0.3345485 0.8899989 0.3370333 0.8899289 0.2292098 0.4281067 0.2212021 0.4277815 0.2229213 0.4245634 0.2212021 0.4277815 0.1992582 0.4272623 0.2002094 0.4240258 0.1655327 0.4297714 0.1684713 0.4531041 0.1660704 0.4534618 0.1716385 0.6092544 0.1695611 0.6094579 0.1691143 0.5864254 0.1703903 0.4299966 0.1700745 0.4530605 0.168143 0.4530392 0.2299759 0.4286305 0.2320193 0.4254296 0.2308914 0.4510324 0.170225 0.4279774 0.1688542 0.4279588 0.1690961 0.427048 0.1656026 0.4297553 0.1684361 0.4297707 0.168143 0.4530392 0.9938591 0.3479509 0.9914053 0.3492556 0.9914093 0.3251447 0.1886838 0.6125535 0.1895674 0.6141442 0.1887238 0.6147965 0.2280199 0.6100257 0.2288501 0.6107834 0.2212444 0.6110686 0.2265134 0.6077691 0.2284839 0.6096014 0.2280199 0.6100257 0.2293518 0.4296072 0.2299759 0.4286305 0.2289589 0.4533933 0.2285928 0.4290872 0.2293518 0.4296072 0.2273836 0.4315348 0.3370333 0.8899289 0.3345485 0.8899989 0.3345161 0.8889337 0.3421109 0.9514442 0.3400751 0.9511253 0.3402301 0.9500963 0.1641409 0.4273616 0.1643322 0.4267991 0.1655173 0.4270207 0.1702321 0.6119619 0.1715314 0.6119561 0.1715394 0.6142767 0.1661231 0.6119972 0.166019 0.6112529 0.1701328 0.6112125 0.164131 0.4243988 0.1655578 0.4238151 0.1655173 0.4270207 0.1655173 0.4270207 0.1690961 0.427048 0.1688542 0.4279588 0.166019 0.6112529 0.1656655 0.6095048 0.1695611 0.6094579 0.3402057 0.9460209 0.3402051 0.9446796 0.3427196 0.9447205 0.1652331 0.453036 0.168143 0.4530392 0.1685097 0.5198874 0.3402301 0.9500963 0.3402057 0.9460209 0.3427205 0.9463031 0.1695611 0.6094579 0.1656655 0.6095048 0.1654369 0.586477 0.1684361 0.4297707 0.1688542 0.4279588 0.170225 0.4279774 0.1691143 0.5864254 0.1685097 0.5198874 0.1704919 0.5198853 0.1661231 0.6119972 0.1702321 0.6119619 0.1701911 0.6142866 0.1985357 0.6089611 0.1994552 0.610834 0.1787257 0.6111505 0.1691821 0.4237831 0.1702638 0.4237761 0.1702625 0.4270507 0.3345215 0.8853649 0.3342582 0.8838762 0.3363261 0.8834372 0.3370326 0.8884803 0.3345161 0.8889337 0.3345215 0.8853649 0.1886838 0.6125535 0.1869339 0.613538 0.1837891 0.5895324 0.1994552 0.610834 0.199854 0.611592 0.1788315 0.6119083 0.2205389 0.6103124 0.2212444 0.6110686 0.199854 0.611592 0.1994552 0.610834 0.1985357 0.6089611 0.2189114 0.608438 0.2284839 0.6096014 0.2293184 0.6103566 0.2288501 0.6107834 0.2293184 0.6103566 0.2287732 0.5859953 0.2312148 0.587565 0.3402081 0.8857526 0.3427224 0.8839825 0.3427221 0.8918272 0.9913783 0.516084 0.9913821 0.4920237 0.9938591 0.4933954 0.2284839 0.6096014 0.2278614 0.5853855 0.2287732 0.5859953 0.2278614 0.5853855 0.2284839 0.6096014 0.2265134 0.6077691 0.1787257 0.6111505 0.1788315 0.6119083 0.1715314 0.6119561 0.342721 0.9143771 0.3402066 0.91526 0.3402077 0.8933681 0.2289589 0.4533933 0.2308914 0.4510324 0.2304177 0.5191509 0.2212444 0.6110686 0.2235596 0.6133812 0.2011572 0.6139059 0.3402066 0.91526 0.342721 0.9143771 0.3427199 0.9368454 0.9914053 0.3492556 0.9938591 0.3479509 0.9938588 0.4206818 0.1652293 0.519917 0.1685097 0.5198874 0.1691143 0.5864254 0.1856814 0.5892429 0.1837891 0.5895324 0.1749395 0.521497 0.3427196 0.9447205 0.3402051 0.9446796 0.3402055 0.9370728 0.2283737 0.5195259 0.2287732 0.5859953 0.2278614 0.5853855 0.2281907 0.454304 0.2289589 0.4533933 0.2283737 0.5195259 0.9938588 0.4206818 0.9938591 0.4933954 0.9913821 0.4920237 0.2272289 0.5196965 0.2278614 0.5853855 0.2259961 0.5841377 0.178481 0.6092814 0.1787257 0.6111505 0.1715153 0.6111991 0.2304177 0.5191509 0.2312148 0.587565 0.2287732 0.5859953 0.2272289 0.5196965 0.2254856 0.5197359 0.2263635 0.4556191 0.2266575 0.4310347 0.2190816 0.4307206 0.2206856 0.4287527 0.3345491 0.9193018 0.3345525 0.8976439 0.3370336 0.8978589 0.1992582 0.4272623 0.1778092 0.4270462 0.1780462 0.4237813 0.2285928 0.4290872 0.2206856 0.4287527 0.2212021 0.4277815 0.3345456 0.9410873 0.3345491 0.9193018 0.3370335 0.9201393 0.1778092 0.4270462 0.1702625 0.4270507 0.1702638 0.4237761 0.1989712 0.4282143 0.2206856 0.4287527 0.2190816 0.4307206 0.179177 0.6142238 0.1788315 0.6119083 0.199854 0.611592 0.2235596 0.6133812 0.2212444 0.6110686 0.2288501 0.6107834 0.1980738 0.4301741 0.1775069 0.4299234 0.1777372 0.4279804 0.1992582 0.4272623 0.2212021 0.4277815 0.2206856 0.4287527 0.1989712 0.4282143 0.1777372 0.4279804 0.1778092 0.4270462 0.339878 0.8852219 0.3423864 0.8834372 0.3427224 0.8839825 0.1700745 0.4530605 0.1704919 0.5198853 0.1685097 0.5198874 0.1770689 0.5211755 0.1749395 0.521497 0.1660704 0.4534618 0.2109407 0.8834372 0.2109408 0.8278738 0.3920864 0.8289937 0.1592386 0.9270083 0.1589751 0.9252251 0.1612471 0.9251626 0.1616812 0.8060049 0.1594371 0.8060674 0.1594144 0.7991903 0.1593888 0.790138 0.1616566 0.7900755 0.1616703 0.7991278 0.1616566 0.7900755 0.1593888 0.790138 0.1593739 0.7811582 0.1593647 0.7720983 0.1616366 0.7720358 0.1616458 0.7810957 0.5771493 0.8630815 0.5748765 0.8630815 0.5748848 0.8307242 0.5748848 0.8307242 0.5748713 0.806416 0.5771443 0.806416 0.1616197 0.7533335 0.1593477 0.753396 0.1593393 0.7439858 0.158841 0.9093775 0.161109 0.9093149 0.1612471 0.9251626 0.5748713 0.806416 0.5747974 0.7981874 0.5770702 0.7981874 0.1593766 0.7369266 0.161603 0.7345126 0.1616114 0.7439233 0.159412 0.9281809 0.1592386 0.9270083 0.1615107 0.9269458 0.161109 0.9093149 0.158841 0.9093775 0.1590545 0.8659629 0.1593455 0.8230032 0.1615898 0.8229407 0.1613108 0.8659004 0.1615898 0.8229407 0.1593455 0.8230032 0.1594436 0.8085215 0.1594371 0.8060674 0.1616812 0.8060049 0.1616839 0.808459 0.1616366 0.7720358 0.1593647 0.7720983 0.1593559 0.7628054 0.1593477 0.753396 0.1616197 0.7533335 0.161628 0.7627429</float_array>
          <technique_common>
            <accessor source="#Roof_low_002-mesh-map-0-array" count="3372" stride="2">
              <param name="S" type="float"/>
              <param name="T" type="float"/>
            </accessor>
          </technique_common>
        </source>
        <vertices id="Roof_low_002-mesh-vertices">
          <input semantic="POSITION" source="#Roof_low_002-mesh-positions"/>
        </vertices>
        <triangles material="Material_001-material" count="1124">
          <input semantic="VERTEX" source="#Roof_low_002-mesh-vertices" offset="0"/>
          <input semantic="NORMAL" source="#Roof_low_002-mesh-normals" offset="1"/>
          <input semantic="TEXCOORD" source="#Roof_low_002-mesh-map-0" offset="2" set="0"/>
          <p>17 0 0 148 1 1 1 2 2 16 3 3 144 4 4 97 5 5 18 6 6 149 7 7 2 8 8 17 0 9 147 9 10 98 10 11 19 11 12 150 12 13 3 13 14 18 6 15 148 1 16 99 14 17 20 15 18 151 16 19 4 17 20 19 11 21 149 7 22 100 18 23 21 19 24 152 20 25 5 21 26 20 15 27 150 12 28 101 22 29 22 23 30 153 24 31 6 25 32 21 19 33 151 16 34 102 26 35 23 27 36 154 28 37 7 29 38 22 23 39 152 20 40 103 30 41 24 31 42 155 32 43 8 33 44 23 27 45 153 24 46 104 34 47 25 35 48 156 36 49 9 37 50 24 31 51 154 28 52 105 38 53 26 39 54 157 40 55 10 41 56 25 35 57 155 32 58 106 42 59 27 43 60 158 44 61 11 45 62 26 39 63 156 36 64 107 46 65 28 47 66 159 48 67 12 49 68 27 43 69 157 40 70 108 50 71 29 51 72 146 52 73 13 53 74 28 47 75 158 44 76 109 54 77 30 55 78 145 56 79 14 57 80 29 51 81 159 48 82 110 58 83 31 59 84 209 60 85 64 61 86 30 55 87 146 52 88 111 62 89 179 63 90 117 64 91 231 65 92 49 66 93 227 67 94 115 68 95 233 69 96 51 70 97 119 71 98 50 72 99 229 73 100 117 64 101 235 74 102 52 75 103 121 76 104 119 71 105 179 63 106 231 65 107 237 77 108 53 78 109 123 79 110 121 76 111 180 80 112 233 69 113 239 81 114 54 82 115 125 83 116 123 79 117 181 84 118 235 74 119 184 85 120 127 86 121 241 87 122 125 83 123 182 88 124 237 77 125 243 89 126 56 90 127 129 91 128 127 86 129 183 92 130 239 81 131 245 93 132 57 94 133 131 95 134 129 91 135 184 85 136 241 87 137 187 96 138 133 97 139 247 98 140 131 95 141 185 99 142 243 89 143 188 100 144 135 101 145 249 102 146 133 97 147 186 103 148 245 93 149 189 104 150 137 105 151 251 106 152 59 107 153 247 98 154 135 101 155 190 108 156 139 109 157 253 110 158 60 111 159 249 102 160 137 105 161 191 112 162 141 113 163 255 114 164 139 109 165 189 104 166 251 106 167 240 115 168 87 116 169 200 117 170 94 118 171 252 119 172 206 120 173 176 121 174 143 122 175 224 123 176 62 124 177 253 110 178 141 113 179 177 125 180 113 126 181 227 67 182 63 127 183 255 114 184 143 122 185 225 128 186 95 129 187 192 130 188 87 116 189 238 131 190 199 132 191 226 133 192 80 134 193 193 135 194 95 129 195 254 136 196 207 137 197 242 138 198 88 139 199 201 140 200 80 134 201 225 128 202 192 130 203 228 141 204 81 142 205 194 143 206 88 139 207 240 115 208 200 117 209 244 144 210 89 145 211 202 146 212 81 142 213 226 133 214 193 135 215 230 147 216 82 148 217 195 149 218 89 145 219 242 138 220 201 140 221 246 150 222 90 151 223 203 152 224 82 148 225 228 141 226 194 143 227 232 153 228 83 154 229 196 155 230 90 151 231 244 144 232 202 146 233 248 156 234 91 157 235 204 158 236 83 154 237 230 147 238 195 149 239 234 159 240 84 160 241 197 161 242 91 157 243 246 150 244 203 152 245 250 162 246 92 163 247 205 164 248 84 160 249 232 153 250 196 155 251 236 165 252 85 166 253 198 167 254 92 163 255 248 156 256 204 158 257 252 119 258 93 168 259 206 120 260 85 166 261 234 159 262 197 161 263 238 131 264 86 169 265 199 132 266 93 168 267 250 162 268 205 164 269 227 67 270 112 170 271 226 133 272 86 169 273 236 165 274 198 167 275 113 126 276 176 121 277 224 123 278 96 171 279 32 172 280 15 173 281 31 59 282 208 174 283 145 56 284 0 175 285 210 176 286 65 177 287 209 60 288 0 175 289 65 177 290 1 2 291 211 178 292 66 179 293 210 176 294 1 2 295 66 179 296 2 8 297 212 180 298 67 181 299 211 178 300 2 8 301 67 181 302 3 13 303 213 182 304 68 183 305 212 180 306 3 13 307 68 183 308 4 17 309 214 184 310 69 185 311 213 182 312 4 17 313 69 185 314 5 21 315 215 186 316 70 187 317 214 184 318 5 21 319 70 187 320 6 25 321 216 188 322 71 189 323 215 186 324 6 25 325 71 189 326 7 29 327 217 190 328 72 191 329 216 188 330 7 29 331 72 191 332 8 33 333 218 192 334 73 193 335 217 190 336 8 33 337 73 193 338 9 37 339 219 194 340 74 195 341 218 192 342 9 37 343 74 195 344 10 41 345 220 196 346 75 197 347 219 194 348 10 41 349 75 197 350 11 45 351 221 198 352 76 199 353 220 196 354 11 45 355 76 199 356 12 49 357 222 200 358 77 201 359 221 198 360 12 49 361 77 201 362 13 53 363 223 202 364 78 203 365 222 200 366 13 53 367 78 203 368 14 57 369 208 174 370 79 204 371 223 202 372 14 57 373 79 204 374 64 61 375 192 130 376 208 174 377 65 177 378 194 143 379 81 142 380 65 177 381 193 135 382 209 60 383 66 179 384 195 149 385 82 148 386 66 179 387 194 143 388 210 176 389 67 181 390 196 155 391 83 154 392 67 181 393 195 149 394 211 178 395 68 183 396 197 161 397 84 160 398 68 183 399 196 155 400 212 180 401 69 185 402 198 167 403 85 166 404 69 185 405 197 161 406 213 182 407 70 187 408 199 132 409 86 169 410 70 187 411 198 167 412 214 184 413 71 189 414 200 117 415 87 116 416 71 189 417 199 132 418 215 186 419 72 191 420 201 140 421 88 139 422 72 191 423 200 117 424 216 188 425 73 193 426 202 146 427 89 145 428 73 193 429 201 140 430 217 190 431 74 195 432 203 152 433 90 151 434 74 195 435 202 146 436 218 192 437 75 197 438 204 158 439 91 157 440 75 197 441 203 152 442 219 194 443 76 199 444 205 164 445 92 163 446 76 199 447 204 158 448 220 196 449 77 201 450 206 120 451 93 168 452 77 201 453 205 164 454 221 198 455 78 203 456 207 137 457 94 118 458 78 203 459 206 120 460 222 200 461 79 204 462 192 130 463 95 129 464 64 61 465 193 135 466 80 134 467 207 137 468 79 204 469 95 129 470 254 136 471 94 118 472 207 137 473 161 205 474 15 173 475 32 172 476 33 206 477 97 5 478 161 205 479 145 56 480 15 173 481 31 59 482 16 3 483 147 9 484 0 175 485 98 10 486 33 206 487 162 207 488 34 208 489 98 10 490 162 207 491 163 209 492 17 0 493 34 208 494 35 210 495 99 14 496 163 209 497 100 18 498 35 210 499 164 211 500 36 212 501 100 18 502 164 211 503 101 22 504 36 212 505 165 213 506 165 213 507 20 15 508 101 22 509 102 26 510 37 214 511 166 215 512 38 216 513 102 26 514 166 215 515 103 30 516 38 216 517 167 217 518 167 217 519 22 23 520 103 30 521 104 34 522 39 218 523 168 219 524 40 220 525 104 34 526 168 219 527 105 38 528 40 220 529 169 221 530 169 221 531 24 31 532 105 38 533 106 42 534 41 222 535 170 223 536 42 224 537 106 42 538 170 223 539 107 46 540 42 224 541 171 225 542 43 226 543 107 46 544 171 225 545 108 50 546 43 226 547 172 227 548 44 228 549 108 50 550 172 227 551 109 54 552 44 228 553 173 229 554 45 230 555 109 54 556 173 229 557 110 58 558 45 230 559 174 231 560 46 232 561 110 58 562 174 231 563 175 233 564 29 51 565 46 232 566 111 62 567 47 234 568 30 55 569 47 234 570 96 171 571 30 55 572 15 173 573 144 4 574 31 59 575 229 73 576 114 235 577 228 141 578 112 170 579 224 123 580 225 128 581 231 65 582 116 236 583 230 147 584 114 235 585 227 67 586 226 133 587 233 69 588 118 237 589 232 153 590 116 236 591 229 73 592 228 141 593 235 74 594 120 238 595 234 159 596 119 71 597 230 147 598 118 237 599 237 77 600 122 239 601 236 165 602 120 238 603 233 69 604 232 153 605 239 81 606 124 240 607 238 131 608 122 239 609 235 74 610 234 159 611 241 87 612 126 241 613 240 115 614 124 240 615 237 77 616 236 165 617 243 89 618 128 242 619 242 138 620 126 241 621 239 81 622 238 131 623 245 93 624 130 243 625 244 144 626 128 242 627 241 87 628 240 115 629 247 98 630 132 244 631 246 150 632 130 243 633 243 89 634 242 138 635 249 102 636 134 245 637 248 156 638 133 97 639 244 144 640 132 244 641 251 106 642 136 246 643 250 162 644 134 245 645 247 98 646 246 150 647 252 119 648 139 109 649 138 247 650 136 246 651 249 102 652 248 156 653 255 114 654 140 248 655 254 136 656 138 247 657 251 106 658 250 162 659 224 123 660 142 249 661 225 128 662 140 248 663 253 110 664 252 119 665 178 250 666 115 68 667 229 73 668 142 249 669 255 114 670 254 136 671 273 251 672 404 252 673 257 253 674 272 254 675 400 255 676 353 256 677 274 257 678 405 258 679 258 259 680 273 251 681 403 260 682 354 261 683 275 262 684 406 263 685 259 264 686 274 257 687 404 252 688 355 265 689 276 266 690 407 267 691 260 268 692 275 262 693 405 258 694 356 269 695 277 270 696 408 271 697 261 272 698 276 266 699 406 263 700 357 273 701 278 274 702 409 275 703 262 276 704 277 270 705 407 267 706 358 277 707 279 278 708 410 279 709 263 280 710 278 274 711 408 271 712 359 281 713 280 282 714 411 283 715 264 284 716 279 278 717 409 275 718 360 285 719 281 286 720 412 287 721 265 288 722 280 282 723 410 279 724 361 289 725 282 290 726 413 291 727 266 292 728 281 286 729 411 283 730 362 293 731 283 294 732 414 295 733 267 296 734 282 290 735 412 287 736 363 297 737 284 298 738 415 299 739 268 300 740 283 294 741 413 291 742 364 301 743 285 302 744 402 303 745 269 304 746 284 298 747 414 295 748 365 305 749 286 306 750 401 307 751 270 308 752 285 302 753 415 299 754 366 309 755 287 310 756 465 60 757 320 311 758 286 306 759 402 303 760 367 312 761 435 313 762 373 314 763 487 315 764 305 66 765 483 316 766 371 317 767 436 318 768 375 319 769 489 320 770 306 72 771 485 321 772 373 314 773 437 322 774 377 323 775 491 324 776 307 325 777 487 315 778 375 319 779 493 326 780 309 327 781 379 328 782 308 329 783 489 320 784 377 323 785 495 330 786 310 331 787 381 332 788 379 328 789 437 322 790 491 324 791 440 333 792 383 334 793 497 335 794 381 332 795 438 336 796 493 326 797 499 337 798 312 90 799 385 338 800 383 334 801 439 92 802 495 330 803 501 339 804 313 340 805 387 341 806 385 338 807 440 333 808 497 335 809 443 342 810 389 343 811 503 344 812 387 341 813 441 99 814 499 337 815 505 345 816 315 346 817 391 347 818 389 343 819 442 348 820 501 339 821 507 349 822 316 350 823 393 351 824 391 347 825 443 342 826 503 344 827 446 108 828 395 352 829 509 353 830 393 351 831 444 354 832 505 345 833 447 355 834 397 356 835 511 357 836 395 352 837 445 358 838 507 349 839 496 359 840 343 360 841 456 361 842 350 362 843 508 363 844 462 364 845 432 365 846 399 366 847 480 123 848 318 124 849 509 353 850 397 356 851 433 367 852 369 368 853 483 316 854 319 369 855 511 357 856 399 366 857 481 370 858 351 371 859 448 130 860 343 360 861 494 372 862 455 373 863 482 374 864 336 375 865 449 376 866 351 371 867 510 377 868 463 378 869 498 379 870 344 380 871 457 381 872 336 375 873 481 370 874 448 130 875 484 382 876 337 383 877 450 384 878 344 380 879 496 359 880 456 361 881 500 385 882 345 386 883 458 387 884 337 383 885 482 374 886 449 376 887 486 388 888 338 389 889 451 390 890 345 386 891 498 379 892 457 381 893 502 391 894 346 392 895 459 393 896 338 389 897 484 382 898 450 384 899 488 394 900 339 395 901 452 396 902 346 392 903 500 385 904 458 387 905 504 397 906 347 398 907 460 399 908 339 395 909 486 388 910 451 390 911 490 400 912 340 401 913 453 402 914 347 398 915 502 391 916 459 393 917 506 403 918 348 404 919 461 405 920 340 401 921 488 394 922 452 396 923 492 406 924 341 407 925 454 408 926 348 404 927 504 397 928 460 399 929 508 363 930 349 409 931 462 364 932 341 407 933 490 400 934 453 402 935 494 372 936 342 410 937 455 373 938 349 409 939 506 403 940 461 405 941 483 316 942 368 411 943 482 374 944 342 410 945 492 406 946 454 408 947 369 368 948 432 365 949 480 123 950 352 412 951 288 413 952 271 414 953 287 310 954 464 415 955 401 307 956 256 416 957 466 417 958 321 418 959 465 60 960 256 416 961 321 418 962 257 253 963 467 419 964 322 420 965 466 417 966 257 253 967 322 420 968 258 259 969 468 421 970 323 422 971 467 419 972 258 259 973 323 422 974 259 264 975 469 423 976 324 424 977 468 421 978 259 264 979 324 424 980 260 268 981 470 425 982 325 426 983 469 423 984 260 268 985 325 426 986 261 272 987 471 427 988 326 428 989 470 425 990 261 272 991 326 428 992 262 276 993 472 429 994 327 430 995 471 427 996 262 276 997 327 430 998 263 280 999 473 431 1000 328 432 1001 472 429 1002 263 280 1003 328 432 1004 264 284 1005 474 433 1006 329 434 1007 473 431 1008 264 284 1009 329 434 1010 265 288 1011 475 435 1012 330 436 1013 474 433 1014 265 288 1015 330 436 1016 266 292 1017 476 437 1018 331 438 1019 475 435 1020 266 292 1021 331 438 1022 267 296 1023 477 439 1024 332 440 1025 476 437 1026 267 296 1027 332 440 1028 268 300 1029 478 441 1030 333 442 1031 477 439 1032 268 300 1033 333 442 1034 269 304 1035 479 443 1036 334 444 1037 478 441 1038 269 304 1039 334 444 1040 270 308 1041 464 415 1042 335 445 1043 479 443 1044 270 308 1045 335 445 1046 320 311 1047 448 130 1048 464 415 1049 321 418 1050 450 384 1051 337 383 1052 321 418 1053 449 376 1054 465 60 1055 322 420 1056 451 390 1057 338 389 1058 322 420 1059 450 384 1060 466 417 1061 323 422 1062 452 396 1063 339 395 1064 323 422 1065 451 390 1066 467 419 1067 324 424 1068 453 402 1069 340 401 1070 324 424 1071 452 396 1072 468 421 1073 325 426 1074 454 408 1075 341 407 1076 325 426 1077 453 402 1078 469 423 1079 326 428 1080 455 373 1081 342 410 1082 326 428 1083 454 408 1084 470 425 1085 327 430 1086 456 361 1087 343 360 1088 327 430 1089 455 373 1090 471 427 1091 328 432 1092 457 381 1093 344 380 1094 328 432 1095 456 361 1096 472 429 1097 329 434 1098 458 387 1099 345 386 1100 329 434 1101 457 381 1102 473 431 1103 330 436 1104 459 393 1105 346 392 1106 330 436 1107 458 387 1108 474 433 1109 331 438 1110 460 399 1111 347 398 1112 331 438 1113 459 393 1114 475 435 1115 332 440 1116 461 405 1117 348 404 1118 332 440 1119 460 399 1120 476 437 1121 333 442 1122 462 364 1123 349 409 1124 333 442 1125 461 405 1126 477 439 1127 334 444 1128 463 378 1129 350 362 1130 334 444 1131 462 364 1132 478 441 1133 335 445 1134 448 130 1135 351 371 1136 320 311 1137 449 376 1138 336 375 1139 463 378 1140 335 445 1141 351 371 1142 510 377 1143 350 362 1144 463 378 1145 417 446 1146 271 414 1147 288 413 1148 289 447 1149 353 256 1150 417 446 1151 401 307 1152 271 414 1153 287 310 1154 272 254 1155 403 260 1156 256 416 1157 354 261 1158 289 447 1159 418 448 1160 290 449 1161 354 261 1162 418 448 1163 419 209 1164 273 251 1165 290 449 1166 291 450 1167 355 265 1168 419 209 1169 356 269 1170 291 450 1171 420 451 1172 292 452 1173 356 269 1174 420 451 1175 357 273 1176 292 452 1177 421 453 1178 421 453 1179 276 266 1180 357 273 1181 358 277 1182 293 454 1183 422 455 1184 294 456 1185 358 277 1186 422 455 1187 359 281 1188 294 456 1189 423 457 1190 423 457 1191 278 274 1192 359 281 1193 360 285 1194 295 458 1195 424 219 1196 296 459 1197 360 285 1198 424 219 1199 361 289 1200 296 459 1201 425 460 1202 425 460 1203 280 282 1204 361 289 1205 362 293 1206 297 461 1207 426 462 1208 298 463 1209 362 293 1210 426 462 1211 363 297 1212 298 463 1213 427 225 1214 299 464 1215 363 297 1216 427 225 1217 364 301 1218 299 464 1219 428 465 1220 300 466 1221 364 301 1222 428 465 1223 365 305 1224 300 466 1225 429 229 1226 301 467 1227 365 305 1228 429 229 1229 366 309 1230 301 467 1231 430 468 1232 302 469 1233 366 309 1234 430 468 1235 431 470 1236 285 302 1237 302 469 1238 367 312 1239 303 471 1240 286 306 1241 303 471 1242 352 412 1243 286 306 1244 271 414 1245 400 255 1246 287 310 1247 485 321 1248 370 472 1249 484 382 1250 368 411 1251 480 123 1252 481 370 1253 487 315 1254 372 473 1255 486 388 1256 370 472 1257 483 316 1258 482 374 1259 489 320 1260 374 474 1261 488 394 1262 372 473 1263 485 321 1264 484 382 1265 490 400 1266 377 323 1267 376 475 1268 374 474 1269 487 315 1270 486 388 1271 493 326 1272 378 476 1273 492 406 1274 376 475 1275 489 320 1276 488 394 1277 495 330 1278 380 477 1279 494 372 1280 378 476 1281 491 324 1282 490 400 1283 497 335 1284 382 478 1285 496 359 1286 380 477 1287 493 326 1288 492 406 1289 499 337 1290 384 479 1291 498 379 1292 382 478 1293 495 330 1294 494 372 1295 501 339 1296 386 480 1297 500 385 1298 384 479 1299 497 335 1300 496 359 1301 503 344 1302 388 481 1303 502 391 1304 386 480 1305 499 337 1306 498 379 1307 505 345 1308 390 482 1309 504 397 1310 389 343 1311 500 385 1312 388 481 1313 507 349 1314 392 483 1315 506 403 1316 390 482 1317 503 344 1318 502 391 1319 508 363 1320 395 352 1321 394 484 1322 392 483 1323 505 345 1324 504 397 1325 511 357 1326 396 485 1327 510 377 1328 394 484 1329 507 349 1330 506 403 1331 480 123 1332 398 486 1333 481 370 1334 396 485 1335 509 353 1336 508 363 1337 434 250 1338 371 317 1339 485 321 1340 398 486 1341 511 357 1342 510 377 1343 573 487 1344 640 488 1345 568 489 1346 645 490 1347 603 491 1348 665 492 1349 547 493 1350 597 494 1351 669 495 1352 579 496 1353 606 497 1354 627 498 1355 605 499 1356 650 500 1357 546 501 1358 539 502 1359 604 503 1360 542 504 1361 603 491 1362 638 505 1363 665 492 1364 635 506 1365 624 507 1366 572 508 1367 671 509 1368 651 510 1369 588 511 1370 586 512 1371 542 504 1372 594 513 1373 596 514 1374 551 515 1375 547 493 1376 530 516 1377 628 517 1378 589 518 1379 615 519 1380 634 520 1381 591 521 1382 556 522 1383 532 523 1384 518 524 1385 528 525 1386 568 489 1387 519 526 1388 537 527 1389 521 528 1390 536 529 1391 569 530 1392 566 531 1393 519 526 1394 641 532 1395 572 508 1396 643 533 1397 644 534 1398 664 535 1399 666 536 1400 663 537 1401 590 538 1402 626 539 1403 573 487 1404 574 540 1405 516 541 1406 625 542 1407 662 543 1408 574 540 1409 596 514 1410 629 544 1411 670 545 1412 586 512 1413 619 546 1414 617 547 1415 589 518 1416 631 548 1417 597 494 1418 568 489 1419 642 549 1420 622 550 1421 530 516 1422 605 499 1423 606 497 1424 669 495 1425 631 548 1426 672 551 1427 621 552 1428 517 553 1429 567 553 1430 595 554 1431 541 555 1432 584 556 1433 518 524 1434 609 557 1435 556 522 1436 533 558 1437 518 524 1438 532 523 1439 519 526 1440 622 550 1441 569 530 1442 528 525 1443 566 531 1444 535 559 1445 639 560 1446 644 534 1447 592 561 1448 590 538 1449 647 562 1450 601 563 1451 583 564 1452 544 565 1453 599 566 1454 551 515 1455 602 567 1456 547 493 1457 604 503 1458 634 520 1459 649 568 1460 603 491 1461 542 504 1462 604 503 1463 653 569 1464 602 567 1465 593 570 1466 602 567 1467 549 571 1468 547 493 1469 646 572 1470 594 513 1471 542 504 1472 545 573 1473 585 574 1474 598 575 1475 672 551 1476 582 576 1477 673 577 1478 544 565 1479 598 578 1480 599 566 1481 594 513 1482 668 579 1483 619 546 1484 597 494 1485 530 516 1486 589 518 1487 619 546 1488 581 580 1489 617 547 1490 603 491 1491 649 568 1492 637 581 1493 554 582 1494 563 583 1495 614 584 1496 546 501 1497 606 497 1498 605 499 1499 551 515 1500 653 569 1501 593 570 1502 548 585 1503 587 586 1504 600 587 1505 601 563 1506 548 585 1507 600 587 1508 595 554 1509 616 588 1510 618 589 1511 520 590 1512 615 519 1513 563 583 1514 556 522 1515 555 591 1516 520 590 1517 520 590 1518 608 592 1519 556 522 1520 522 593 1521 536 529 1522 518 524 1523 537 527 1524 658 594 1525 656 595 1526 654 596 1527 607 597 1528 655 598 1529 657 599 1530 611 600 1531 659 599 1532 522 593 1533 612 601 1534 537 527 1535 561 602 1536 533 558 1537 610 603 1538 563 583 1539 591 521 1540 539 502 1541 553 604 1542 655 604 1543 607 604 1544 622 550 1545 661 605 1546 560 606 1547 609 557 1548 524 607 1549 555 591 1550 660 608 1551 613 608 1552 564 608 1553 570 609 1554 559 610 1555 526 611 1556 673 577 1557 619 546 1558 668 579 1559 618 589 1560 580 612 1561 565 613 1562 585 614 1563 564 614 1564 613 614 1565 560 606 1566 561 602 1567 525 615 1568 569 530 1569 560 606 1570 525 615 1571 559 610 1572 562 616 1573 526 611 1574 525 615 1575 610 603 1576 558 617 1577 614 584 1578 539 502 1579 586 512 1580 661 605 1581 612 601 1582 560 606 1583 525 615 1584 620 618 1585 569 530 1586 535 559 1587 575 619 1588 528 525 1589 527 620 1590 626 621 1591 576 620 1592 577 622 1593 578 623 1594 662 543 1595 528 525 1596 625 542 1597 573 487 1598 636 624 1599 576 625 1600 624 624 1601 627 498 1602 550 626 1603 578 623 1604 529 627 1605 623 628 1606 571 629 1607 633 630 1608 555 591 1609 524 607 1610 557 631 1611 536 529 1612 521 528 1613 571 629 1614 579 496 1615 529 627 1616 577 622 1617 575 619 1618 529 627 1619 529 627 1620 627 498 1621 577 622 1622 523 632 1623 531 633 1624 654 596 1625 630 634 1626 582 576 1627 631 548 1628 565 613 1629 629 544 1630 632 635 1631 515 636 1632 512 636 1633 513 636 1634 692 637 1635 704 638 1636 705 639 1637 680 640 1638 682 640 1639 674 640 1640 694 641 1641 674 641 1642 682 641 1643 701 642 1644 688 643 1645 675 644 1646 695 645 1647 675 646 1648 688 647 1649 700 648 1650 689 649 1651 676 650 1652 689 649 1653 703 651 1654 676 650 1655 708 652 1656 683 653 1657 707 654 1658 690 655 1659 704 638 1660 687 656 1661 693 657 1662 710 658 1663 703 651 1664 698 659 1665 707 660 1666 683 661 1667 681 662 1668 705 662 1669 711 662 1670 706 663 1671 685 664 1672 677 665 1673 691 666 1674 677 667 1675 685 668 1676 712 669 1677 686 670 1678 678 671 1679 699 672 1680 678 673 1681 686 674 1682 702 675 1683 684 676 1684 679 677 1685 696 678 1686 679 679 1687 684 680 1688 17 0 1689 99 14 1690 148 1 1691 16 3 1692 0 175 1693 144 4 1694 18 6 1695 100 18 1696 149 7 1697 17 0 1698 1 2 1699 147 9 1700 19 11 1701 101 22 1702 150 12 1703 18 6 1704 2 8 1705 148 1 1706 20 15 1707 102 26 1708 151 16 1709 19 11 1710 3 13 1711 149 7 1712 21 19 1713 103 30 1714 152 20 1715 20 15 1716 4 17 1717 150 12 1718 22 23 1719 104 34 1720 153 24 1721 21 19 1722 5 21 1723 151 16 1724 23 27 1725 105 38 1726 154 28 1727 22 23 1728 6 25 1729 152 20 1730 24 31 1731 106 42 1732 155 32 1733 23 27 1734 7 29 1735 153 24 1736 25 35 1737 107 46 1738 156 36 1739 24 31 1740 8 33 1741 154 28 1742 26 39 1743 108 50 1744 157 40 1745 25 35 1746 9 37 1747 155 32 1748 27 43 1749 109 54 1750 158 44 1751 26 39 1752 10 41 1753 156 36 1754 28 47 1755 110 58 1756 159 48 1757 27 43 1758 11 45 1759 157 40 1760 29 51 1761 111 62 1762 146 52 1763 28 47 1764 12 49 1765 158 44 1766 30 55 1767 96 171 1768 145 56 1769 29 51 1770 13 53 1771 159 48 1772 31 59 1773 144 4 1774 209 60 1775 30 55 1776 14 57 1777 146 52 1778 179 63 1779 50 72 1780 117 64 1781 49 66 1782 177 125 1783 227 67 1784 233 69 1785 180 80 1786 51 70 1787 50 72 1788 178 250 1789 229 73 1790 235 74 1791 181 84 1792 52 75 1793 119 71 1794 51 70 1795 179 63 1796 237 77 1797 182 88 1798 53 78 1799 121 76 1800 52 75 1801 180 80 1802 239 81 1803 183 92 1804 54 82 1805 123 79 1806 53 78 1807 181 84 1808 184 85 1809 55 681 1810 127 86 1811 125 83 1812 54 82 1813 182 88 1814 243 89 1815 185 99 1816 56 90 1817 127 86 1818 55 681 1819 183 92 1820 245 93 1821 186 103 1822 57 94 1823 129 91 1824 56 90 1825 184 85 1826 187 96 1827 58 682 1828 133 97 1829 131 95 1830 57 94 1831 185 99 1832 188 100 1833 59 107 1834 135 101 1835 133 97 1836 58 682 1837 186 103 1838 189 104 1839 60 111 1840 137 105 1841 59 107 1842 187 96 1843 247 98 1844 190 108 1845 61 683 1846 139 109 1847 60 111 1848 188 100 1849 249 102 1850 191 112 1851 62 124 1852 141 113 1853 139 109 1854 61 683 1855 189 104 1856 240 115 1857 126 241 1858 87 116 1859 94 118 1860 140 248 1861 252 119 1862 176 121 1863 63 127 1864 143 122 1865 62 124 1866 190 108 1867 253 110 1868 177 125 1869 48 684 1870 113 126 1871 63 127 1872 191 112 1873 255 114 1874 225 128 1875 142 249 1876 95 129 1877 87 116 1878 126 241 1879 238 131 1880 226 133 1881 112 170 1882 80 134 1883 95 129 1884 142 249 1885 254 136 1886 242 138 1887 128 242 1888 88 139 1889 80 134 1890 112 170 1891 225 128 1892 228 141 1893 114 235 1894 81 142 1895 88 139 1896 128 242 1897 240 115 1898 244 144 1899 130 243 1900 89 145 1901 81 142 1902 114 235 1903 226 133 1904 230 147 1905 116 236 1906 82 148 1907 89 145 1908 130 243 1909 242 138 1910 246 150 1911 132 244 1912 90 151 1913 82 148 1914 116 236 1915 228 141 1916 232 153 1917 118 237 1918 83 154 1919 90 151 1920 132 244 1921 244 144 1922 248 156 1923 134 245 1924 91 157 1925 83 154 1926 118 237 1927 230 147 1928 234 159 1929 120 238 1930 84 160 1931 91 157 1932 134 245 1933 246 150 1934 250 162 1935 136 246 1936 92 163 1937 84 160 1938 120 238 1939 232 153 1940 236 165 1941 122 239 1942 85 166 1943 92 163 1944 136 246 1945 248 156 1946 252 119 1947 138 247 1948 93 168 1949 85 166 1950 122 239 1951 234 159 1952 238 131 1953 124 240 1954 86 169 1955 93 168 1956 138 247 1957 250 162 1958 227 67 1959 113 126 1960 112 170 1961 86 169 1962 124 240 1963 236 165 1964 113 126 1965 48 684 1966 176 121 1967 96 171 1968 160 685 1969 32 172 1970 31 59 1971 64 61 1972 208 174 1973 0 175 1974 147 9 1975 210 176 1976 209 60 1977 144 4 1978 0 175 1979 1 2 1980 148 1 1981 211 178 1982 210 176 1983 147 9 1984 1 2 1985 2 8 1986 149 7 1987 212 180 1988 211 178 1989 148 1 1990 2 8 1991 3 13 1992 150 12 1993 213 182 1994 212 180 1995 149 7 1996 3 13 1997 4 17 1998 151 16 1999 214 184 2000 213 182 2001 150 12 2002 4 17 2003 5 21 2004 152 20 2005 215 186 2006 214 184 2007 151 16 2008 5 21 2009 6 25 2010 153 24 2011 216 188 2012 215 186 2013 152 20 2014 6 25 2015 7 29 2016 154 28 2017 217 190 2018 216 188 2019 153 24 2020 7 29 2021 8 33 2022 155 32 2023 218 192 2024 217 190 2025 154 28 2026 8 33 2027 9 37 2028 156 36 2029 219 194 2030 218 192 2031 155 32 2032 9 37 2033 10 41 2034 157 40 2035 220 196 2036 219 194 2037 156 36 2038 10 41 2039 11 45 2040 158 44 2041 221 198 2042 220 196 2043 157 40 2044 11 45 2045 12 49 2046 159 48 2047 222 200 2048 221 198 2049 158 44 2050 12 49 2051 13 53 2052 146 52 2053 223 202 2054 222 200 2055 159 48 2056 13 53 2057 14 57 2058 145 56 2059 208 174 2060 223 202 2061 146 52 2062 14 57 2063 64 61 2064 80 134 2065 192 130 2066 65 177 2067 210 176 2068 194 143 2069 65 177 2070 81 142 2071 193 135 2072 66 179 2073 211 178 2074 195 149 2075 66 179 2076 82 148 2077 194 143 2078 67 181 2079 212 180 2080 196 155 2081 67 181 2082 83 154 2083 195 149 2084 68 183 2085 213 182 2086 197 161 2087 68 183 2088 84 160 2089 196 155 2090 69 185 2091 214 184 2092 198 167 2093 69 185 2094 85 166 2095 197 161 2096 70 187 2097 215 186 2098 199 132 2099 70 187 2100 86 169 2101 198 167 2102 71 189 2103 216 188 2104 200 117 2105 71 189 2106 87 116 2107 199 132 2108 72 191 2109 217 190 2110 201 140 2111 72 191 2112 88 139 2113 200 117 2114 73 193 2115 218 192 2116 202 146 2117 73 193 2118 89 145 2119 201 140 2120 74 195 2121 219 194 2122 203 152 2123 74 195 2124 90 151 2125 202 146 2126 75 197 2127 220 196 2128 204 158 2129 75 197 2130 91 157 2131 203 152 2132 76 199 2133 221 198 2134 205 164 2135 76 199 2136 92 163 2137 204 158 2138 77 201 2139 222 200 2140 206 120 2141 77 201 2142 93 168 2143 205 164 2144 78 203 2145 223 202 2146 207 137 2147 78 203 2148 94 118 2149 206 120 2150 79 204 2151 208 174 2152 192 130 2153 64 61 2154 209 60 2155 193 135 2156 207 137 2157 223 202 2158 79 204 2159 254 136 2160 140 248 2161 94 118 2162 161 205 2163 97 5 2164 15 173 2165 33 206 2166 16 3 2167 97 5 2168 145 56 2169 96 171 2170 15 173 2171 16 3 2172 98 10 2173 147 9 2174 98 10 2175 16 3 2176 33 206 2177 34 208 2178 17 0 2179 98 10 2180 163 209 2181 99 14 2182 17 0 2183 35 210 2184 18 6 2185 99 14 2186 100 18 2187 18 6 2188 35 210 2189 36 212 2190 19 11 2191 100 18 2192 101 22 2193 19 11 2194 36 212 2195 165 213 2196 37 214 2197 20 15 2198 102 26 2199 20 15 2200 37 214 2201 38 216 2202 21 19 2203 102 26 2204 103 30 2205 21 19 2206 38 216 2207 167 217 2208 39 218 2209 22 23 2210 104 34 2211 22 23 2212 39 218 2213 40 220 2214 23 27 2215 104 34 2216 105 38 2217 23 27 2218 40 220 2219 169 221 2220 41 222 2221 24 31 2222 106 42 2223 24 31 2224 41 222 2225 42 224 2226 25 35 2227 106 42 2228 107 46 2229 25 35 2230 42 224 2231 43 226 2232 26 39 2233 107 46 2234 108 50 2235 26 39 2236 43 226 2237 44 228 2238 27 43 2239 108 50 2240 109 54 2241 27 43 2242 44 228 2243 45 230 2244 28 47 2245 109 54 2246 110 58 2247 28 47 2248 45 230 2249 46 232 2250 29 51 2251 110 58 2252 175 233 2253 111 62 2254 29 51 2255 111 62 2256 175 233 2257 47 234 2258 47 234 2259 160 685 2260 96 171 2261 15 173 2262 97 5 2263 144 4 2264 229 73 2265 115 68 2266 114 235 2267 112 170 2268 113 126 2269 224 123 2270 231 65 2271 117 64 2272 116 236 2273 114 235 2274 115 68 2275 227 67 2276 233 69 2277 119 71 2278 118 237 2279 116 236 2280 117 64 2281 229 73 2282 235 74 2283 121 76 2284 120 238 2285 119 71 2286 231 65 2287 230 147 2288 237 77 2289 123 79 2290 122 239 2291 120 238 2292 121 76 2293 233 69 2294 239 81 2295 125 83 2296 124 240 2297 122 239 2298 123 79 2299 235 74 2300 241 87 2301 127 86 2302 126 241 2303 124 240 2304 125 83 2305 237 77 2306 243 89 2307 129 91 2308 128 242 2309 126 241 2310 127 86 2311 239 81 2312 245 93 2313 131 95 2314 130 243 2315 128 242 2316 129 91 2317 241 87 2318 247 98 2319 133 97 2320 132 244 2321 130 243 2322 131 95 2323 243 89 2324 249 102 2325 135 101 2326 134 245 2327 133 97 2328 245 93 2329 244 144 2330 251 106 2331 137 105 2332 136 246 2333 134 245 2334 135 101 2335 247 98 2336 252 119 2337 253 110 2338 139 109 2339 136 246 2340 137 105 2341 249 102 2342 255 114 2343 141 113 2344 140 248 2345 138 247 2346 139 109 2347 251 106 2348 224 123 2349 143 122 2350 142 249 2351 140 248 2352 141 113 2353 253 110 2354 178 250 2355 49 66 2356 115 68 2357 142 249 2358 143 122 2359 255 114 2360 273 251 2361 355 265 2362 404 252 2363 272 254 2364 256 416 2365 400 255 2366 274 257 2367 356 269 2368 405 258 2369 273 251 2370 257 253 2371 403 260 2372 275 262 2373 357 273 2374 406 263 2375 274 257 2376 258 259 2377 404 252 2378 276 266 2379 358 277 2380 407 267 2381 275 262 2382 259 264 2383 405 258 2384 277 270 2385 359 281 2386 408 271 2387 276 266 2388 260 268 2389 406 263 2390 278 274 2391 360 285 2392 409 275 2393 277 270 2394 261 272 2395 407 267 2396 279 278 2397 361 289 2398 410 279 2399 278 274 2400 262 276 2401 408 271 2402 280 282 2403 362 293 2404 411 283 2405 279 278 2406 263 280 2407 409 275 2408 281 286 2409 363 297 2410 412 287 2411 280 282 2412 264 284 2413 410 279 2414 282 290 2415 364 301 2416 413 291 2417 281 286 2418 265 288 2419 411 283 2420 283 294 2421 365 305 2422 414 295 2423 282 290 2424 266 292 2425 412 287 2426 284 298 2427 366 309 2428 415 299 2429 283 294 2430 267 296 2431 413 291 2432 285 302 2433 367 312 2434 402 303 2435 284 298 2436 268 300 2437 414 295 2438 286 306 2439 352 412 2440 401 307 2441 285 302 2442 269 304 2443 415 299 2444 287 310 2445 400 255 2446 465 60 2447 286 306 2448 270 308 2449 402 303 2450 435 313 2451 306 72 2452 373 314 2453 305 66 2454 433 367 2455 483 316 2456 436 318 2457 307 325 2458 375 319 2459 306 72 2460 434 250 2461 485 321 2462 437 322 2463 308 329 2464 377 323 2465 307 325 2466 435 313 2467 487 315 2468 493 326 2469 438 336 2470 309 327 2471 308 329 2472 436 318 2473 489 320 2474 495 330 2475 439 92 2476 310 331 2477 379 328 2478 309 327 2479 437 322 2480 440 333 2481 311 681 2482 383 334 2483 381 332 2484 310 331 2485 438 336 2486 499 337 2487 441 99 2488 312 90 2489 383 334 2490 311 681 2491 439 92 2492 501 339 2493 442 348 2494 313 340 2495 385 338 2496 312 90 2497 440 333 2498 443 342 2499 314 686 2500 389 343 2501 387 341 2502 313 340 2503 441 99 2504 505 345 2505 444 354 2506 315 346 2507 389 343 2508 314 686 2509 442 348 2510 507 349 2511 445 358 2512 316 350 2513 391 347 2514 315 346 2515 443 342 2516 446 108 2517 317 683 2518 395 352 2519 393 351 2520 316 350 2521 444 354 2522 447 355 2523 318 124 2524 397 356 2525 395 352 2526 317 683 2527 445 358 2528 496 359 2529 382 478 2530 343 360 2531 350 362 2532 396 485 2533 508 363 2534 432 365 2535 319 369 2536 399 366 2537 318 124 2538 446 108 2539 509 353 2540 433 367 2541 304 687 2542 369 368 2543 319 369 2544 447 355 2545 511 357 2546 481 370 2547 398 486 2548 351 371 2549 343 360 2550 382 478 2551 494 372 2552 482 374 2553 368 411 2554 336 375 2555 351 371 2556 398 486 2557 510 377 2558 498 379 2559 384 479 2560 344 380 2561 336 375 2562 368 411 2563 481 370 2564 484 382 2565 370 472 2566 337 383 2567 344 380 2568 384 479 2569 496 359 2570 500 385 2571 386 480 2572 345 386 2573 337 383 2574 370 472 2575 482 374 2576 486 388 2577 372 473 2578 338 389 2579 345 386 2580 386 480 2581 498 379 2582 502 391 2583 388 481 2584 346 392 2585 338 389 2586 372 473 2587 484 382 2588 488 394 2589 374 474 2590 339 395 2591 346 392 2592 388 481 2593 500 385 2594 504 397 2595 390 482 2596 347 398 2597 339 395 2598 374 474 2599 486 388 2600 490 400 2601 376 475 2602 340 401 2603 347 398 2604 390 482 2605 502 391 2606 506 403 2607 392 483 2608 348 404 2609 340 401 2610 376 475 2611 488 394 2612 492 406 2613 378 476 2614 341 407 2615 348 404 2616 392 483 2617 504 397 2618 508 363 2619 394 484 2620 349 409 2621 341 407 2622 378 476 2623 490 400 2624 494 372 2625 380 477 2626 342 410 2627 349 409 2628 394 484 2629 506 403 2630 483 316 2631 369 368 2632 368 411 2633 342 410 2634 380 477 2635 492 406 2636 369 368 2637 304 687 2638 432 365 2639 352 412 2640 416 685 2641 288 413 2642 287 310 2643 320 311 2644 464 415 2645 256 416 2646 403 260 2647 466 417 2648 465 60 2649 400 255 2650 256 416 2651 257 253 2652 404 252 2653 467 419 2654 466 417 2655 403 260 2656 257 253 2657 258 259 2658 405 258 2659 468 421 2660 467 419 2661 404 252 2662 258 259 2663 259 264 2664 406 263 2665 469 423 2666 468 421 2667 405 258 2668 259 264 2669 260 268 2670 407 267 2671 470 425 2672 469 423 2673 406 263 2674 260 268 2675 261 272 2676 408 271 2677 471 427 2678 470 425 2679 407 267 2680 261 272 2681 262 276 2682 409 275 2683 472 429 2684 471 427 2685 408 271 2686 262 276 2687 263 280 2688 410 279 2689 473 431 2690 472 429 2691 409 275 2692 263 280 2693 264 284 2694 411 283 2695 474 433 2696 473 431 2697 410 279 2698 264 284 2699 265 288 2700 412 287 2701 475 435 2702 474 433 2703 411 283 2704 265 288 2705 266 292 2706 413 291 2707 476 437 2708 475 435 2709 412 287 2710 266 292 2711 267 296 2712 414 295 2713 477 439 2714 476 437 2715 413 291 2716 267 296 2717 268 300 2718 415 299 2719 478 441 2720 477 439 2721 414 295 2722 268 300 2723 269 304 2724 402 303 2725 479 443 2726 478 441 2727 415 299 2728 269 304 2729 270 308 2730 401 307 2731 464 415 2732 479 443 2733 402 303 2734 270 308 2735 320 311 2736 336 375 2737 448 130 2738 321 418 2739 466 417 2740 450 384 2741 321 418 2742 337 383 2743 449 376 2744 322 420 2745 467 419 2746 451 390 2747 322 420 2748 338 389 2749 450 384 2750 323 422 2751 468 421 2752 452 396 2753 323 422 2754 339 395 2755 451 390 2756 324 424 2757 469 423 2758 453 402 2759 324 424 2760 340 401 2761 452 396 2762 325 426 2763 470 425 2764 454 408 2765 325 426 2766 341 407 2767 453 402 2768 326 428 2769 471 427 2770 455 373 2771 326 428 2772 342 410 2773 454 408 2774 327 430 2775 472 429 2776 456 361 2777 327 430 2778 343 360 2779 455 373 2780 328 432 2781 473 431 2782 457 381 2783 328 432 2784 344 380 2785 456 361 2786 329 434 2787 474 433 2788 458 387 2789 329 434 2790 345 386 2791 457 381 2792 330 436 2793 475 435 2794 459 393 2795 330 436 2796 346 392 2797 458 387 2798 331 438 2799 476 437 2800 460 399 2801 331 438 2802 347 398 2803 459 393 2804 332 440 2805 477 439 2806 461 405 2807 332 440 2808 348 404 2809 460 399 2810 333 442 2811 478 441 2812 462 364 2813 333 442 2814 349 409 2815 461 405 2816 334 444 2817 479 443 2818 463 378 2819 334 444 2820 350 362 2821 462 364 2822 335 445 2823 464 415 2824 448 130 2825 320 311 2826 465 60 2827 449 376 2828 463 378 2829 479 443 2830 335 445 2831 510 377 2832 396 485 2833 350 362 2834 417 446 2835 353 256 2836 271 414 2837 289 447 2838 272 254 2839 353 256 2840 401 307 2841 352 412 2842 271 414 2843 272 254 2844 354 261 2845 403 260 2846 354 261 2847 272 254 2848 289 447 2849 290 449 2850 273 251 2851 354 261 2852 419 209 2853 355 265 2854 273 251 2855 291 450 2856 274 257 2857 355 265 2858 356 269 2859 274 257 2860 291 450 2861 292 452 2862 275 262 2863 356 269 2864 357 273 2865 275 262 2866 292 452 2867 421 453 2868 293 454 2869 276 266 2870 358 277 2871 276 266 2872 293 454 2873 294 456 2874 277 270 2875 358 277 2876 359 281 2877 277 270 2878 294 456 2879 423 457 2880 295 458 2881 278 274 2882 360 285 2883 278 274 2884 295 458 2885 296 459 2886 279 278 2887 360 285 2888 361 289 2889 279 278 2890 296 459 2891 425 460 2892 297 461 2893 280 282 2894 362 293 2895 280 282 2896 297 461 2897 298 463 2898 281 286 2899 362 293 2900 363 297 2901 281 286 2902 298 463 2903 299 464 2904 282 290 2905 363 297 2906 364 301 2907 282 290 2908 299 464 2909 300 466 2910 283 294 2911 364 301 2912 365 305 2913 283 294 2914 300 466 2915 301 467 2916 284 298 2917 365 305 2918 366 309 2919 284 298 2920 301 467 2921 302 469 2922 285 302 2923 366 309 2924 431 470 2925 367 312 2926 285 302 2927 367 312 2928 431 470 2929 303 471 2930 303 471 2931 416 685 2932 352 412 2933 271 414 2934 353 256 2935 400 255 2936 485 321 2937 371 317 2938 370 472 2939 368 411 2940 369 368 2941 480 123 2942 487 315 2943 373 314 2944 372 473 2945 370 472 2946 371 317 2947 483 316 2948 489 320 2949 375 319 2950 374 474 2951 372 473 2952 373 314 2953 485 321 2954 490 400 2955 491 324 2956 377 323 2957 374 474 2958 375 319 2959 487 315 2960 493 326 2961 379 328 2962 378 476 2963 376 475 2964 377 323 2965 489 320 2966 495 330 2967 381 332 2968 380 477 2969 378 476 2970 379 328 2971 491 324 2972 497 335 2973 383 334 2974 382 478 2975 380 477 2976 381 332 2977 493 326 2978 499 337 2979 385 338 2980 384 479 2981 382 478 2982 383 334 2983 495 330 2984 501 339 2985 387 341 2986 386 480 2987 384 479 2988 385 338 2989 497 335 2990 503 344 2991 389 343 2992 388 481 2993 386 480 2994 387 341 2995 499 337 2996 505 345 2997 391 347 2998 390 482 2999 389 343 3000 501 339 3001 500 385 3002 507 349 3003 393 351 3004 392 483 3005 390 482 3006 391 347 3007 503 344 3008 508 363 3009 509 353 3010 395 352 3011 392 483 3012 393 351 3013 505 345 3014 511 357 3015 397 356 3016 396 485 3017 394 484 3018 395 352 3019 507 349 3020 480 123 3021 399 366 3022 398 486 3023 396 485 3024 397 356 3025 509 353 3026 434 250 3027 305 66 3028 371 317 3029 398 486 3030 399 366 3031 511 357 3032 573 487 3033 516 541 3034 640 488 3035 645 490 3036 646 572 3037 603 491 3038 547 493 3039 549 571 3040 597 494 3041 579 496 3042 530 516 3043 606 497 3044 605 499 3045 602 567 3046 650 500 3047 539 502 3048 591 521 3049 604 503 3050 603 491 3051 637 581 3052 638 505 3053 635 506 3054 636 688 3055 624 507 3056 671 509 3057 652 689 3058 651 510 3059 586 512 3060 539 502 3061 542 504 3062 596 514 3063 670 545 3064 551 515 3065 530 516 3066 579 496 3067 628 517 3068 615 519 3069 633 630 3070 634 520 3071 556 522 3072 608 592 3073 532 523 3074 528 525 3075 573 487 3076 568 489 3077 537 527 3078 656 595 3079 521 528 3080 569 530 3081 620 618 3082 566 531 3083 641 532 3084 635 506 3085 572 508 3086 644 534 3087 639 560 3088 664 535 3089 663 537 3090 648 690 3091 590 538 3092 573 487 3093 625 542 3094 574 540 3095 625 542 3096 577 622 3097 662 543 3098 596 514 3099 632 635 3100 629 544 3101 586 512 3102 594 513 3103 619 546 3104 589 518 3105 630 634 3106 631 548 3107 568 489 3108 640 488 3109 642 549 3110 530 516 3111 549 571 3112 605 499 3113 669 495 3114 597 494 3115 631 548 3116 621 691 3117 570 692 3118 517 693 3119 595 554 3120 543 694 3121 541 555 3122 518 524 3123 536 529 3124 609 557 3125 533 558 3126 522 593 3127 518 524 3128 519 526 3129 568 489 3130 622 550 3131 528 525 3132 519 526 3133 566 531 3134 590 538 3135 648 690 3136 647 562 3137 583 564 3138 540 695 3139 544 565 3140 551 515 3141 593 570 3142 602 567 3143 604 503 3144 591 521 3145 634 520 3146 603 491 3147 646 572 3148 542 504 3149 653 569 3150 650 500 3151 602 567 3152 602 567 3153 605 499 3154 549 571 3155 646 572 3156 667 696 3157 594 513 3158 545 697 3159 538 698 3160 585 698 3161 672 551 3162 631 548 3163 582 576 3164 544 565 3165 545 699 3166 598 578 3167 594 513 3168 667 696 3169 668 579 3170 597 494 3171 549 571 3172 530 516 3173 619 546 3174 582 576 3175 581 580 3176 603 491 3177 604 503 3178 649 568 3179 554 582 3180 520 590 3181 563 583 3182 546 501 3183 550 626 3184 606 497 3185 548 585 3186 552 700 3187 587 586 3188 601 563 3189 647 562 3190 548 585 3191 595 554 3192 584 556 3193 616 588 3194 520 590 3195 555 591 3196 615 519 3197 556 522 3198 609 557 3199 555 591 3200 520 590 3201 554 582 3202 608 592 3203 522 593 3204 537 527 3205 536 529 3206 537 527 3207 612 601 3208 658 594 3209 654 596 3210 531 633 3211 607 597 3212 657 701 3213 562 702 3214 611 703 3215 522 593 3216 561 602 3217 612 601 3218 561 602 3219 522 593 3220 533 558 3221 563 583 3222 615 519 3223 591 521 3224 553 704 3225 660 704 3226 655 704 3227 622 550 3228 642 549 3229 661 605 3230 609 557 3231 557 631 3232 524 607 3233 660 705 3234 553 705 3235 613 705 3236 570 609 3237 621 706 3238 559 610 3239 673 577 3240 582 576 3241 619 546 3242 618 589 3243 616 588 3244 580 612 3245 585 707 3246 538 707 3247 564 707 3248 560 606 3249 612 601 3250 561 602 3251 569 530 3252 622 550 3253 560 606 3254 559 610 3255 611 708 3256 562 616 3257 525 615 3258 561 602 3259 610 603 3260 614 584 3261 563 583 3262 539 502 3263 661 605 3264 658 594 3265 612 601 3266 525 615 3267 558 617 3268 620 618 3269 535 559 3270 623 628 3271 575 619 3272 527 709 3273 663 710 3274 626 710 3275 577 622 3276 627 498 3277 578 623 3278 528 525 3279 575 619 3280 625 542 3281 636 711 3282 527 712 3283 576 712 3284 627 498 3285 606 497 3286 550 626 3287 529 627 3288 575 619 3289 623 628 3290 633 630 3291 615 519 3292 555 591 3293 557 631 3294 609 557 3295 536 529 3296 571 629 3297 628 517 3298 579 496 3299 577 622 3300 625 542 3301 575 619 3302 529 627 3303 579 496 3304 627 498 3305 523 632 3306 534 713 3307 531 633 3308 630 634 3309 581 580 3310 582 576 3311 565 613 3312 580 612 3313 629 544 3314 515 714 3315 514 714 3316 512 714 3317 692 637 3318 687 656 3319 704 638 3320 680 715 3321 699 715 3322 682 715 3323 694 716 3324 701 716 3325 674 716 3326 701 717 3327 694 717 3328 688 718 3329 695 719 3330 702 720 3331 675 721 3332 700 648 3333 697 722 3334 689 649 3335 689 649 3336 693 657 3337 703 651 3338 708 652 3339 696 678 3340 683 653 3341 690 655 3342 706 663 3343 704 638 3344 693 657 3345 713 723 3346 710 658 3347 698 724 3348 709 724 3349 707 725 3350 681 726 3351 692 726 3352 705 726 3353 706 663 3354 690 655 3355 685 664 3356 691 727 3357 712 727 3358 677 728 3359 712 729 3360 691 729 3361 686 730 3362 699 731 3363 680 732 3364 678 733 3365 702 734 3366 695 735 3367 684 736 3368 696 678 3369 708 652 3370 679 679 3371</p>
        </triangles>
      </mesh>
    </geometry>
  </library_geometries>
  <library_visual_scenes>
    <visual_scene id="Scene" name="Scene">
      <node id="right_door" name="right_door" type="NODE">
        <matrix sid="transform">1 0 0 0 0 7.54979e-8 -1 0 0 1 7.54979e-8 0 0 0 0 1</matrix>
        <instance_geometry url="#Roof_low_002-mesh" name="right_door">
          <bind_material>
            <technique_common>
              <instance_material symbol="Material_001-material" target="#Material_001-material">
                <bind_vertex_input semantic="Roof_low-mesh-map-0" input_semantic="TEXCOORD" input_set="0"/>
              </instance_material>
            </technique_common>
          </bind_material>
        </instance_geometry>
      </node>
    </visual_scene>
  </library_visual_scenes>
  <scene>
    <instance_visual_scene url="#Scene"/>
  </scene>
</COLLADA>